Handle,Title,Body (HTML),Vendor,Type,Tags,Published,Option1 Name,Option1 Value,Option2 Name,Option2 Value,Option3 Name,Option3 Value,Variant SKU,Variant Inventory Tracker,Variant Inventory Qty,Variant Inventory Policy,Variant Fulfillment Service,Variant Price,Variant Compare At Price,Variant Requires Shipping,Variant Taxable,Image Src,Image Position,Image Alt Text,Variant Image,SEO Title,SEO Description,Status
coussin-allaitement-nomad,Coussin d'allaitement Nomad,"<p>Un allié pour l'allaitement : en forme de boomerang, il soutient bébé et vos bras à la bonne hauteur pour des tétées confortables.</p><p>Confortable partout : compact et facile à transporter, à la maison comme en déplacement.</p><p>Doux pour bébé : coton 100 %, agréable sur la peau, pensé pour les tout-petits.</p><p>Facile à entretenir : housse déhoussable et lavable en machine à 30 °C.</p><h2>Utilisation</h2><p>Installez le coussin en forme de boomerang autour de vous pour soutenir bébé pendant la tétée. Ajustez la position selon votre confort ; il sert aussi d'appui pour le dos.</p><h2>Entretien</h2><p>Housse déhoussable, lavable en machine à 30 °C. Séchage à l'air libre recommandé. Le coton 100 % garde sa douceur lavage après lavage.</p><h2>Composition</h2><p>Housse : coton 100 %. Garnissage : microbilles moelleuses et modulables pour un maintien qui épouse vos positions.</p>",LLUFAN,Maternité,"allaitement, maternite, nouveautes, best-seller",TRUE,Couleur,Bleu,,,,,LLUFAN-Coussin-Allaitement-Nomad-Bleu,,,continue,manual,3200,,TRUE,TRUE,,,,,Coussin d'allaitement Nomad — LLUFAN,"Coussin d'allaitement en forme de boomerang, housse en coton 100 % lavable en machine.",active
coussin-allaitement-nomad,,,,,,,Couleur,Rose,,,,,LLUFAN-Coussin-Allaitement-Nomad-Rose,,,continue,manual,3200,,TRUE,TRUE,,,,,,,active
coussin-allaitement-nomad,,,,,,,Couleur,Gris,,,,,LLUFAN-Coussin-Allaitement-Nomad-Gris,,,continue,manual,3200,,TRUE,TRUE,,,,,,,active
coussin-grossesse-luna,Coussin de grossesse Luna,"<p><em>Produit de démonstration.</em></p><p>Un coussin long en forme de U pour accompagner les nuits de grossesse : il soutient le dos, le ventre et les jambes dans la position que vous choisissez.</p><p>La housse se retire facilement et passe en machine à 30 °C.</p><h2>Utilisation</h2><p>Placez le coussin autour du corps, côté ouvert vers le bas : il soutient le ventre et se glisse entre les genoux.</p><h2>Entretien</h2><p>Housse déhoussable, lavage en machine à 30 °C, séchage à l'air libre.</p><h2>Composition</h2><p><em>Composition de démonstration à remplacer.</em></p>",LLUFAN,Maternité,"maternite, grossesse, nouveautes",TRUE,Couleur,Sauge,,,,,LLUFAN-Coussin-Grossesse-Luna-Sauge,,,continue,manual,4500,,TRUE,TRUE,,,,,Coussin de grossesse Luna — LLUFAN,"Coussin de grossesse en forme de U, housse déhoussable lavable en machine.",active
coussin-grossesse-luna,,,,,,,Couleur,Bleu poudré,,,,,LLUFAN-Coussin-Grossesse-Luna-Bleupoudré,,,continue,manual,4500,,TRUE,TRUE,,,,,,,active
coussin-grossesse-luna,,,,,,,Couleur,Gris perle,,,,,LLUFAN-Coussin-Grossesse-Luna-Grisperle,,,continue,manual,4500,,TRUE,TRUE,,,,,,,active
poncho-allaitement-amira,Poncho d'allaitement Amira,"<p><em>Produit de démonstration.</em></p><p>Un poncho en maille fine, à enfiler par-dessus n'importe quelle tenue : il couvre l'épaule au moment de la tétée et reste élégant en dehors de la maison.</p><h2>Utilisation</h2><p>À porter ouvert à la maison, ou drapé sur l'épaule pour allaiter en déplacement.</p><h2>Entretien</h2><p>Lavage en machine à 30 °C sur programme délicat. Séchage à plat.</p><h2>Composition</h2><p><em>Composition de démonstration à remplacer.</em></p>",LLUFAN,Prêt-à-porter,"allaitement, pret-a-porter",TRUE,Couleur,Crème,Taille,S/M,,,LLUFAN-Poncho-Allaitement-Amira-Crème-SM,,,continue,manual,2200,,TRUE,TRUE,,,,,Poncho d'allaitement Amira — LLUFAN,"Poncho en maille fine, pratique pour allaiter partout, tailles S/M et L/XL.",active
poncho-allaitement-amira,,,,,,,Couleur,Crème,Taille,L/XL,,,LLUFAN-Poncho-Allaitement-Amira-Crème-LXL,,,continue,manual,2200,,TRUE,TRUE,,,,,,,active
poncho-allaitement-amira,,,,,,,Couleur,Rose poudré,Taille,S/M,,,LLUFAN-Poncho-Allaitement-Amira-Rosepoudré-SM,,,continue,manual,2200,,TRUE,TRUE,,,,,,,active
poncho-allaitement-amira,,,,,,,Couleur,Rose poudré,Taille,L/XL,,,LLUFAN-Poncho-Allaitement-Amira-Rosepoudré-LXL,,,continue,manual,2200,,TRUE,TRUE,,,,,,,active
housse-coussin-nomad,Housse de rechange pour coussin Nomad,"<p><em>Produit de démonstration.</em></p><p>Une housse supplémentaire pour garder votre coussin propre et changer de couleur au fil des mois.</p><h2>Entretien</h2><p>Lavage en machine à 30 °C, séchage à l'air libre.</p><h2>Composition</h2><p><em>Composition de démonstration à remplacer.</em></p>",LLUFAN,Accessoires,"allaitement, accessoires, pieces-detachees",TRUE,Couleur,Bleu,,,,,LLUFAN-Housse-Coussin-Nomad-Bleu,,,continue,manual,1200,,TRUE,TRUE,,,,,Housse de rechange pour coussin Nomad — LLUFAN,Housse déhoussable de rechange pour le coussin d'allaitement Nomad.,active
housse-coussin-nomad,,,,,,,Couleur,Rose,,,,,LLUFAN-Housse-Coussin-Nomad-Rose,,,continue,manual,1200,,TRUE,TRUE,,,,,,,active
housse-coussin-nomad,,,,,,,Couleur,Gris,,,,,LLUFAN-Housse-Coussin-Nomad-Gris,,,continue,manual,1200,,TRUE,TRUE,,,,,,,active
gigoteuse-cocon,Gigoteuse Cocon,"<p><em>Produit de démonstration.</em></p><p>Une gigoteuse douce et légère, fermée par une fermeture centrale, pensée pour les siestes à la maison.</p><h2>Entretien</h2><p>Lavage en machine à 30 °C. Ne pas utiliser d'eau de javel.</p><h2>Composition</h2><p><em>Composition de démonstration à remplacer.</em></p>",LLUFAN,Bébé,"bebe, sommeil, nouveautes",TRUE,Taille,0-6 mois,,,,,LLUFAN-Gigoteuse-Cocon-0-6mois,,,continue,manual,2800,,TRUE,TRUE,,,,,Gigoteuse Cocon — LLUFAN,"Gigoteuse douce en coton, tailles 0-6 mois et 6-18 mois.",active
gigoteuse-cocon,,,,,,,Taille,6-18 mois,,,,,LLUFAN-Gigoteuse-Cocon-6-18mois,,,continue,manual,2800,,TRUE,TRUE,,,,,,,active
couverture-nid,Couverture nid,"<p><em>Produit de démonstration.</em></p><p>Une couverture ronde en coton matelassé, à poser au sol pour les moments d'éveil et pour couvrir bébé.</p><h2>Entretien</h2><p>Lavage en machine à 30 °C, séchage à l'air libre.</p><h2>Composition</h2><p><em>Composition de démonstration à remplacer.</em></p>",LLUFAN,Bébé,"bebe, sommeil",TRUE,Couleur,Sable,,,,,LLUFAN-Couverture-Nid-Sable,,,continue,manual,3600,,TRUE,TRUE,,,,,Couverture nid — LLUFAN,"Couverture ronde en coton matelassé, douce et facile à laver.",active
couverture-nid,,,,,,,Couleur,Écru,,,,,LLUFAN-Couverture-Nid-Écru,,,continue,manual,3600,,TRUE,TRUE,,,,,,,active
bavoirs-bandana-lot-2,Bavoirs bandana (lot de 2),"<p><em>Produit de démonstration.</em></p><p>Deux bavoirs bandana en double gaze, avec fermeture pression : pratiques pour les régurgitations et les poussées dentaires.</p><h2>Entretien</h2><p>Lavage en machine à 30 °C, séchage à l'air libre.</p><h2>Composition</h2><p><em>Composition de démonstration à remplacer.</em></p>",LLUFAN,Bébé,"bebe, accessoires",TRUE,Coloris,Duo sauge,,,,,LLUFAN-Bavoirs-Bandana-Lot-2-Duosauge,,,continue,manual,900,,TRUE,TRUE,,,,,"Bavoirs bandana, lot de 2 — LLUFAN","Lot de deux bavoirs bandana en double gaze, fermeture pression.",active
bavoirs-bandana-lot-2,,,,,,,Coloris,Duo lilas,,,,,LLUFAN-Bavoirs-Bandana-Lot-2-Duolilas,,,continue,manual,900,,TRUE,TRUE,,,,,,,active
coussinets-allaitement-lavables,Coussinets d'allaitement lavables (la paire),"<p><em>Produit de démonstration.</em></p><p>Des coussinets ronds, doux et absorbants, à glisser dans le soutien-gorge entre deux tétées. Lavables et réutilisables.</p><h2>Entretien</h2><p>Lavage en machine à 30 °C, séchage à l'air libre.</p><h2>Composition</h2><p><em>Composition de démonstration à remplacer.</em></p>",LLUFAN,Accessoires,"allaitement, accessoires, pieces-detachees",TRUE,Taille,Taille unique,,,,,LLUFAN-Coussinets-Allaitement-Lavables-Tailleunique,,,continue,manual,1400,,TRUE,TRUE,,,,,Coussinets d'allaitement lavables — LLUFAN,Paire de coussinets d'allaitement lavables et réutilisables.,active
robe-allaitement-nour,Robe d'allaitement Nour,"<p><em>Produit de démonstration.</em></p><p>Une robe longue en jersey doux, avec ouverture discrète pour allaiter sans se découvrir. Confortable pendant et après la grossesse.</p><h2>Entretien</h2><p>Lavage en machine à 30 °C, programme délicat.</p><h2>Composition</h2><p><em>Composition de démonstration à remplacer.</em></p>",LLUFAN,Prêt-à-porter,"allaitement, pret-a-porter, nouveautes",TRUE,Taille,S,Couleur,Bleu marine,,,LLUFAN-Robe-Allaitement-Nour-S-Bleumarine,,,continue,manual,4900,,TRUE,TRUE,,,,,Robe d'allaitement Nour — LLUFAN,Robe longue en jersey avec ouverture d'allaitement discrète.,active
robe-allaitement-nour,,,,,,,Taille,S,Couleur,Noir,,,LLUFAN-Robe-Allaitement-Nour-S-Noir,,,continue,manual,4900,,TRUE,TRUE,,,,,,,active
robe-allaitement-nour,,,,,,,Taille,M,Couleur,Bleu marine,,,LLUFAN-Robe-Allaitement-Nour-M-Bleumarine,,,continue,manual,4900,,TRUE,TRUE,,,,,,,active
robe-allaitement-nour,,,,,,,Taille,M,Couleur,Noir,,,LLUFAN-Robe-Allaitement-Nour-M-Noir,,,continue,manual,4900,,TRUE,TRUE,,,,,,,active
robe-allaitement-nour,,,,,,,Taille,L,Couleur,Bleu marine,,,LLUFAN-Robe-Allaitement-Nour-L-Bleumarine,,,continue,manual,4900,,TRUE,TRUE,,,,,,,active
robe-allaitement-nour,,,,,,,Taille,L,Couleur,Noir,,,LLUFAN-Robe-Allaitement-Nour-L-Noir,,,continue,manual,4900,,TRUE,TRUE,,,,,,,active
sac-a-langer-sahara,Sac à langer Sahara,"<p><em>Produit de démonstration.</em></p><p>Un sac à langer en toile de coton, avec bandoulière réglable et poches intérieures pour organiser couches, lingettes et change complet.</p><h2>Entretien</h2><p>Lavage en machine à 30 °C, séchage à l'air libre.</p><h2>Composition</h2><p><em>Composition de démonstration à remplacer.</em></p>",LLUFAN,Bébé,"bebe, accessoires, nouveautes",TRUE,Couleur,Beige,,,,,LLUFAN-Sac-A-Langer-Sahara-Beige,,,continue,manual,5500,,TRUE,TRUE,,,,,Sac à langer Sahara — LLUFAN,"Sac à langer en toile de coton, bandoulière réglable et poches intérieures.",active
sac-a-langer-sahara,,,,,,,Couleur,Bleu marine,,,,,LLUFAN-Sac-A-Langer-Sahara-Bleumarine,,,continue,manual,5500,,TRUE,TRUE,,,,,,,active
