Handle,Title,Body (HTML),Vendor,Type,Tags,Published,Option1 Name,Option1 Value,Variant Inventory Policy,Variant Fulfillment Service,Variant Price,Variant Requires Shipping,Variant Taxable,Status
coussin-allaitement-nomad,Coussin d'allaitement Nomad,"<p>Un allié pour l'allaitement : en forme de boomerang, il soutient bébé et vos bras à la bonne hauteur pour des tétées confortables.</p>
<p>Confortable partout : compact et facile à transporter, à la maison comme en déplacement.</p>
<p>Doux pour bébé : coton 100 %, agréable sur la peau, pensé pour les tout-petits.</p>
<p>Facile à entretenir : housse déhoussable et lavable en machine à 30 °C.</p>
<h3>Utilisation</h3>
<p>Installez le coussin en forme de boomerang autour de vous pour soutenir bébé pendant la tétée. Ajustez la position selon votre confort ; il sert aussi d'appui pour le dos.</p>
<h3>Entretien</h3>
<p>Housse déhoussable, lavable en machine à 30 °C. Séchage à l'air libre recommandé. Le coton 100 % garde sa douceur lavage après lavage.</p>
<h3>Composition</h3>
<p>Housse : coton 100 %. Garnissage : microbilles moelleuses et modulables pour un maintien qui épouse vos positions.</p>
<p><em>Composition à confirmer : information provisoire, en attente de la fiche produit définitive.</em></p>",Llufan,Maternité,"Best-seller, Nouveau, Coton 100 %",FALSE,Couleur,Bleu,continue,manual,3200,TRUE,TRUE,draft
coussin-allaitement-nomad,Coussin d'allaitement Nomad,"<p>Un allié pour l'allaitement : en forme de boomerang, il soutient bébé et vos bras à la bonne hauteur pour des tétées confortables.</p>
<p>Confortable partout : compact et facile à transporter, à la maison comme en déplacement.</p>
<p>Doux pour bébé : coton 100 %, agréable sur la peau, pensé pour les tout-petits.</p>
<p>Facile à entretenir : housse déhoussable et lavable en machine à 30 °C.</p>
<h3>Utilisation</h3>
<p>Installez le coussin en forme de boomerang autour de vous pour soutenir bébé pendant la tétée. Ajustez la position selon votre confort ; il sert aussi d'appui pour le dos.</p>
<h3>Entretien</h3>
<p>Housse déhoussable, lavable en machine à 30 °C. Séchage à l'air libre recommandé. Le coton 100 % garde sa douceur lavage après lavage.</p>
<h3>Composition</h3>
<p>Housse : coton 100 %. Garnissage : microbilles moelleuses et modulables pour un maintien qui épouse vos positions.</p>
<p><em>Composition à confirmer : information provisoire, en attente de la fiche produit définitive.</em></p>",Llufan,Maternité,"Best-seller, Nouveau, Coton 100 %",FALSE,Couleur,Rose,continue,manual,3200,TRUE,TRUE,draft
coussin-allaitement-nomad,Coussin d'allaitement Nomad,"<p>Un allié pour l'allaitement : en forme de boomerang, il soutient bébé et vos bras à la bonne hauteur pour des tétées confortables.</p>
<p>Confortable partout : compact et facile à transporter, à la maison comme en déplacement.</p>
<p>Doux pour bébé : coton 100 %, agréable sur la peau, pensé pour les tout-petits.</p>
<p>Facile à entretenir : housse déhoussable et lavable en machine à 30 °C.</p>
<h3>Utilisation</h3>
<p>Installez le coussin en forme de boomerang autour de vous pour soutenir bébé pendant la tétée. Ajustez la position selon votre confort ; il sert aussi d'appui pour le dos.</p>
<h3>Entretien</h3>
<p>Housse déhoussable, lavable en machine à 30 °C. Séchage à l'air libre recommandé. Le coton 100 % garde sa douceur lavage après lavage.</p>
<h3>Composition</h3>
<p>Housse : coton 100 %. Garnissage : microbilles moelleuses et modulables pour un maintien qui épouse vos positions.</p>
<p><em>Composition à confirmer : information provisoire, en attente de la fiche produit définitive.</em></p>",Llufan,Maternité,"Best-seller, Nouveau, Coton 100 %",FALSE,Couleur,Gris,continue,manual,3200,TRUE,TRUE,draft
