"Type","Ressource (handle)","Champ","Français (contenu par défaut)","العربية"
"ENTÊTE","—","—","Traduction arabe — boutique LLUFAN (contenu de démonstration). Une ligne = un champ tel que Shopify l'exporte (Paramètres → Langues → Exporter). Coller la dernière colonne dans « Translated content », ligne par ligne : les colonnes « Type », « Ressource » et « Champ » permettent de se repérer.","ترجمة عربية — متجر LLUFAN (محتوى تجريبي)"
"PRODUCT","coussin-allaitement-nomad","title","Coussin d'allaitement Nomad","وسادة الإرضاع نوماد"
"PRODUCT","coussin-allaitement-nomad","body_html","<p>Un allié pour l'allaitement : en forme de boomerang, il soutient bébé et vos bras à la bonne hauteur pour des tétées confortables.</p><p>Confortable partout : compact et facile à transporter, à la maison comme en déplacement.</p><p>Doux pour bébé : coton 100 %, agréable sur la peau, pensé pour les tout-petits.</p><p>Facile à entretenir : housse déhoussable et lavable en machine à 30 °C.</p><h2>Utilisation</h2><p>Installez le coussin en forme de boomerang autour de vous pour soutenir bébé pendant la tétée. Ajustez la position selon votre confort ; il sert aussi d'appui pour le dos.</p><h2>Entretien</h2><p>Housse déhoussable, lavable en machine à 30 °C. Séchage à l'air libre recommandé. Le coton 100 % garde sa douceur lavage après lavage.</p><h2>Composition</h2><p>Housse : coton 100 %. Garnissage : microbilles moelleuses et modulables pour un maintien qui épouse vos positions.</p>","<p>عَون حقيقي في الإرضاع: بشكل الهلال، يرفع الطفل وذراعيك إلى الارتفاع المناسب لجلسات إرضاع مريحة.</p><p>مريحة في كل مكان: حجم مدروس وسهلة الحمل، في البيت كما في التنقل.</p><p>ناعمة على الطفل: قطن 100 %، لطيفة على البشرة ومصمّمة للصغار.</p><p>سهلة العناية: غطاء قابل للفصل والغسل في الغسالة على 30 °م.</p><h2>طريقة الاستعمال</h2><p>ضعي الوسادة بشكل الهلال حولك لدعم الطفل أثناء الإرضاع، وعدّلي الوضعية حسب راحتك؛ تصلح أيضًا كمسند للظهر.</p><h2>العناية</h2><p>غطاء قابل للفصل، يُغسل في الغسالة على 30 °م. يُنصح بالتجفيف في الهواء الطلق. يبقى القطن 100 % ناعمًا غسلًا بعد غسل.</p><h2>التركيب</h2><p>الغطاء: قطن 100 %. الحشو: كريات دقيقة ومرنة تمنح سندًا يلائم وضعياتك.</p>"
"PRODUCT","coussin-allaitement-nomad","product_type","Maternité","الأمومة"
"PRODUCT_OPTION","coussin-allaitement-nomad","Couleur","Couleur","اللون"
"PRODUCT_OPTION_VALUE","coussin-allaitement-nomad","Couleur","Bleu","أزرق"
"PRODUCT_OPTION_VALUE","coussin-allaitement-nomad","Couleur","Rose","وردي"
"PRODUCT_OPTION_VALUE","coussin-allaitement-nomad","Couleur","Gris","رمادي"
"PRODUCT","coussin-grossesse-luna","title","Coussin de grossesse Luna","وسادة الحمل لونا"
"PRODUCT","coussin-grossesse-luna","body_html","<p><em>Produit de démonstration.</em></p><p>Un coussin long en forme de U pour accompagner les nuits de grossesse : il soutient le dos, le ventre et les jambes dans la position que vous choisissez.</p><p>La housse se retire facilement et passe en machine à 30 °C.</p><h2>Utilisation</h2><p>Placez le coussin autour du corps, côté ouvert vers le bas : il soutient le ventre et se glisse entre les genoux.</p><h2>Entretien</h2><p>Housse déhoussable, lavage en machine à 30 °C, séchage à l'air libre.</p><h2>Composition</h2><p><em>Composition de démonstration à remplacer.</em></p>","<p>منتج تجريبي. وسادة طويلة على شكل حرف U ترافق ليالي الحمل: تسند الظهر والبطن والساقين في الوضعية التي تختارينها. الغطاء يُفصل بسهولة ويُغسل في الغسالة على 30 °م.</p><h2>طريقة الاستعمال</h2><p>ضعي الوسادة حول الجسم والفتحة نحو الأسفل: تسند البطن وتُمرَّر بين الركبتين.</p><h2>العناية</h2><p>غطاء قابل للفصل، غسل في الغسالة على 30 °م، وتجفيف في الهواء الطلق.</p><h2>التركيب</h2><p>تركيب تجريبي — يُستبدل بتركيب المنتج الحقيقي.</p>"
"PRODUCT","coussin-grossesse-luna","product_type","Maternité","الأمومة"
"PRODUCT_OPTION","coussin-grossesse-luna","Couleur","Couleur","اللون"
"PRODUCT_OPTION_VALUE","coussin-grossesse-luna","Couleur","Sauge","أخضر مريمي"
"PRODUCT_OPTION_VALUE","coussin-grossesse-luna","Couleur","Bleu poudré","أزرق بودرة"
"PRODUCT_OPTION_VALUE","coussin-grossesse-luna","Couleur","Gris perle","رمادي لؤلؤي"
"PRODUCT","poncho-allaitement-amira","title","Poncho d'allaitement Amira","بونشو الإرضاع أميرة"
"PRODUCT","poncho-allaitement-amira","body_html","<p><em>Produit de démonstration.</em></p><p>Un poncho en maille fine, à enfiler par-dessus n'importe quelle tenue : il couvre l'épaule au moment de la tétée et reste élégant en dehors de la maison.</p><h2>Utilisation</h2><p>À porter ouvert à la maison, ou drapé sur l'épaule pour allaiter en déplacement.</p><h2>Entretien</h2><p>Lavage en machine à 30 °C sur programme délicat. Séchage à plat.</p><h2>Composition</h2><p><em>Composition de démonstration à remplacer.</em></p>","<p>منتج تجريبي. بونشو من نسيج رقيق يُلبس فوق أي لباس: يغطي الكتف لحظة الإرضاع ويبقى أنيقًا خارج البيت.</p><h2>طريقة الاستعمال</h2><p>يُلبس مفتوحًا في البيت، أو يُسدَل على الكتف للإرضاع في التنقل.</p><h2>العناية</h2><p>غسل في الغسالة على 30 °م ببرنامج لطيف. تجفيف مستوٍ.</p><h2>التركيب</h2><p>تركيب تجريبي — يُستبدل بتركيب المنتج الحقيقي.</p>"
"PRODUCT","poncho-allaitement-amira","product_type","Prêt-à-porter","الإرضاع"
"PRODUCT_OPTION","poncho-allaitement-amira","Couleur","Couleur","اللون"
"PRODUCT_OPTION_VALUE","poncho-allaitement-amira","Couleur","Crème","كريمي"
"PRODUCT_OPTION_VALUE","poncho-allaitement-amira","Couleur","Rose poudré","وردي بودرة"
"PRODUCT_OPTION","poncho-allaitement-amira","Taille","Taille","المقاس"
"PRODUCT_OPTION_VALUE","poncho-allaitement-amira","Taille","S/M","S/M"
"PRODUCT_OPTION_VALUE","poncho-allaitement-amira","Taille","L/XL","L/XL"
"PRODUCT","housse-coussin-nomad","title","Housse de rechange pour coussin Nomad","غطاء بديل لوسادة نوماد"
"PRODUCT","housse-coussin-nomad","body_html","<p><em>Produit de démonstration.</em></p><p>Une housse supplémentaire pour garder votre coussin propre et changer de couleur au fil des mois.</p><h2>Entretien</h2><p>Lavage en machine à 30 °C, séchage à l'air libre.</p><h2>Composition</h2><p><em>Composition de démonstration à remplacer.</em></p>","<p>منتج تجريبي. غطاء إضافي يحفظ وسادتك نظيفة ويسمح بتغيير اللون مع مرور الأشهر.</p><h2>العناية</h2><p>غسل في الغسالة على 30 °م، وتجفيف في الهواء الطلق.</p><h2>التركيب</h2><p>تركيب تجريبي — يُستبدل بتركيب المنتج الحقيقي.</p>"
"PRODUCT","housse-coussin-nomad","product_type","Accessoires","الإكسسوارات"
"PRODUCT_OPTION","housse-coussin-nomad","Couleur","Couleur","اللون"
"PRODUCT_OPTION_VALUE","housse-coussin-nomad","Couleur","Bleu","أزرق"
"PRODUCT_OPTION_VALUE","housse-coussin-nomad","Couleur","Rose","وردي"
"PRODUCT_OPTION_VALUE","housse-coussin-nomad","Couleur","Gris","رمادي"
"PRODUCT","gigoteuse-cocon","title","Gigoteuse Cocon","كيس النوم كوكو"
"PRODUCT","gigoteuse-cocon","body_html","<p><em>Produit de démonstration.</em></p><p>Une gigoteuse douce et légère, fermée par une fermeture centrale, pensée pour les siestes à la maison.</p><h2>Entretien</h2><p>Lavage en machine à 30 °C. Ne pas utiliser d'eau de javel.</p><h2>Composition</h2><p><em>Composition de démonstration à remplacer.</em></p>","<p>منتج تجريبي. كيس نوم ناعم وخفيف، يُغلق بسحّاب مركزي، مصمّم للقيلولات في البيت.</p><h2>العناية</h2><p>غسل في الغسالة على 30 °م. يُمنع استعمال ماء الجافيل.</p><h2>التركيب</h2><p>تركيب تجريبي — يُستبدل بتركيب المنتج الحقيقي.</p>"
"PRODUCT","gigoteuse-cocon","product_type","Bébé","الطفل"
"PRODUCT_OPTION","gigoteuse-cocon","Taille","Taille","المقاس"
"PRODUCT_OPTION_VALUE","gigoteuse-cocon","Taille","0-6 mois","0-6 أشهر"
"PRODUCT_OPTION_VALUE","gigoteuse-cocon","Taille","6-18 mois","6-18 شهرًا"
"PRODUCT","couverture-nid","title","Couverture nid","بطانية العش"
"PRODUCT","couverture-nid","body_html","<p><em>Produit de démonstration.</em></p><p>Une couverture ronde en coton matelassé, à poser au sol pour les moments d'éveil et pour couvrir bébé.</p><h2>Entretien</h2><p>Lavage en machine à 30 °C, séchage à l'air libre.</p><h2>Composition</h2><p><em>Composition de démonstration à remplacer.</em></p>","<p>منتج تجريبي. بطانية دائرية من قطن مبطن، تُفرش على الأرض لفترات اللعب وتُغطّي الطفل عند الحاجة.</p><h2>العناية</h2><p>غسل في الغسالة على 30 °م، وتجفيف في الهواء الطلق.</p><h2>التركيب</h2><p>تركيب تجريبي — يُستبدل بتركيب المنتج الحقيقي.</p>"
"PRODUCT","couverture-nid","product_type","Bébé","الطفل"
"PRODUCT_OPTION","couverture-nid","Couleur","Couleur","اللون"
"PRODUCT_OPTION_VALUE","couverture-nid","Couleur","Sable","رملي"
"PRODUCT_OPTION_VALUE","couverture-nid","Couleur","Écru","عاجي"
"PRODUCT","bavoirs-bandana-lot-2","title","Bavoirs bandana (lot de 2)","مرايل مثلثة (قطعتان)"
"PRODUCT","bavoirs-bandana-lot-2","body_html","<p><em>Produit de démonstration.</em></p><p>Deux bavoirs bandana en double gaze, avec fermeture pression : pratiques pour les régurgitations et les poussées dentaires.</p><h2>Entretien</h2><p>Lavage en machine à 30 °C, séchage à l'air libre.</p><h2>Composition</h2><p><em>Composition de démonstration à remplacer.</em></p>","<p>منتج تجريبي. مريلتان مثلثتان من القطن المزدوج بإغلاق بزر كبس: عمليتان لحالات الترجيع وفترة التسنين.</p><h2>العناية</h2><p>غسل في الغسالة على 30 °م، وتجفيف في الهواء الطلق.</p><h2>التركيب</h2><p>تركيب تجريبي — يُستبدل بتركيب المنتج الحقيقي.</p>"
"PRODUCT","bavoirs-bandana-lot-2","product_type","Bébé","الطفل"
"PRODUCT_OPTION","bavoirs-bandana-lot-2","Coloris","Coloris","اللون"
"PRODUCT_OPTION_VALUE","bavoirs-bandana-lot-2","Coloris","Duo sauge","ثنائي أخضر مريمي"
"PRODUCT_OPTION_VALUE","bavoirs-bandana-lot-2","Coloris","Duo lilas","ثنائي ليلكي"
"PRODUCT","coussinets-allaitement-lavables","title","Coussinets d'allaitement lavables (la paire)","حشوات الإرضاع القابلة للغسل (الزوج)"
"PRODUCT","coussinets-allaitement-lavables","body_html","<p><em>Produit de démonstration.</em></p><p>Des coussinets ronds, doux et absorbants, à glisser dans le soutien-gorge entre deux tétées. Lavables et réutilisables.</p><h2>Entretien</h2><p>Lavage en machine à 30 °C, séchage à l'air libre.</p><h2>Composition</h2><p><em>Composition de démonstration à remplacer.</em></p>","<p>منتج تجريبي. حشوات دائرية ناعمة وماصّة، تُوضع في حمالة الصدر بين جلسات الإرضاع. قابلة للغسل وإعادة الاستعمال.</p><h2>العناية</h2><p>غسل في الغسالة على 30 °م، وتجفيف في الهواء الطلق.</p><h2>التركيب</h2><p>تركيب تجريبي — يُستبدل بتركيب المنتج الحقيقي.</p>"
"PRODUCT","coussinets-allaitement-lavables","product_type","Accessoires","الإرضاع"
"PRODUCT_OPTION","coussinets-allaitement-lavables","Taille","Taille","المقاس"
"PRODUCT_OPTION_VALUE","coussinets-allaitement-lavables","Taille","Taille unique","مقاس واحد"
"PRODUCT","robe-allaitement-nour","title","Robe d'allaitement Nour","فستان الإرضاع نور"
"PRODUCT","robe-allaitement-nour","body_html","<p><em>Produit de démonstration.</em></p><p>Une robe longue en jersey doux, avec ouverture discrète pour allaiter sans se découvrir. Confortable pendant et après la grossesse.</p><h2>Entretien</h2><p>Lavage en machine à 30 °C, programme délicat.</p><h2>Composition</h2><p><em>Composition de démonstration à remplacer.</em></p>","<p>منتج تجريبي. فستان طويل من الجيرسي الناعم، بفتحة غير ظاهرة للإرضاع دون التكشّف. مريح أثناء الحمل وبعده.</p><h2>العناية</h2><p>غسل في الغسالة على 30 °م ببرنامج لطيف.</p><h2>التركيب</h2><p>تركيب تجريبي — يُستبدل بتركيب المنتج الحقيقي.</p>"
"PRODUCT","robe-allaitement-nour","product_type","Prêt-à-porter","الإرضاع"
"PRODUCT_OPTION","robe-allaitement-nour","Taille","Taille","المقاس"
"PRODUCT_OPTION_VALUE","robe-allaitement-nour","Taille","S","S"
"PRODUCT_OPTION_VALUE","robe-allaitement-nour","Taille","M","M"
"PRODUCT_OPTION_VALUE","robe-allaitement-nour","Taille","L","L"
"PRODUCT_OPTION","robe-allaitement-nour","Couleur","Couleur","اللون"
"PRODUCT_OPTION_VALUE","robe-allaitement-nour","Couleur","Bleu marine","كحلي"
"PRODUCT_OPTION_VALUE","robe-allaitement-nour","Couleur","Noir","أسود"
"PRODUCT","sac-a-langer-sahara","title","Sac à langer Sahara","حقيبة الحفاضات صحارى"
"PRODUCT","sac-a-langer-sahara","body_html","<p><em>Produit de démonstration.</em></p><p>Un sac à langer en toile de coton, avec bandoulière réglable et poches intérieures pour organiser couches, lingettes et change complet.</p><h2>Entretien</h2><p>Lavage en machine à 30 °C, séchage à l'air libre.</p><h2>Composition</h2><p><em>Composition de démonstration à remplacer.</em></p>","<p>منتج تجريبي. حقيبة حفاضات من قماش القطن، بحزام كتف قابل للتعديل وجيوب داخلية لتنظيم الحفاضات والمناديل وطقم التغيير.</p><h2>العناية</h2><p>غسل في الغسالة على 30 °م، وتجفيف في الهواء الطلق.</p><h2>التركيب</h2><p>تركيب تجريبي — يُستبدل بتركيب المنتج الحقيقي.</p>"
"PRODUCT","sac-a-langer-sahara","product_type","Bébé","الإكسسوارات"
"PRODUCT_OPTION","sac-a-langer-sahara","Couleur","Couleur","اللون"
"PRODUCT_OPTION_VALUE","sac-a-langer-sahara","Couleur","Beige","بيج"
"PRODUCT_OPTION_VALUE","sac-a-langer-sahara","Couleur","Bleu marine","كحلي"
"COLLECTION","maternite","title","Maternité","الأمومة"
"COLLECTION","maternite","body_html","<p>Tout pour accompagner la grossesse et l'arrivée de bébé : coussins, confort du quotidien et essentiels de la chambre.</p><p><em>Collection de démonstration.</em></p>","<p>كل ما يواكب الحمل واستقبال المولود الجديد: الوسادات، راحة اليومي وأساسيات غرفة الطفل.</p><p><em>مجموعة تجريبية.</em></p>"
"COLLECTION","allaitement","title","Allaitement","الإرضاع"
"COLLECTION","allaitement","body_html","<p>Le nécessaire pour des tétées confortables, à la maison comme en déplacement : coussin d'allaitement, housses, coussinets et ponchos.</p><p><em>Collection de démonstration.</em></p>","<p>كل ما يلزم لجلسات إرضاع مريحة، في البيت وخارجه: وسادة الإرضاع، الأغطية، حشوات الإرضاع والبونشو.</p><p><em>مجموعة تجريبية.</em></p>"
"COLLECTION","bebe","title","Bébé","الطفل"
"COLLECTION","bebe","body_html","<p>Des matières douces pour les premiers mois : gigoteuse, couverture nid, bavoirs et sac à langer.</p><p><em>Collection de démonstration.</em></p>","<p>أقمشة ناعمة للأشهر الأولى: كيس النوم، بطانية العش، المرايل وحقيبة الحفاضات.</p><p><em>مجموعة تجريبية.</em></p>"
"COLLECTION","nouveautes","title","Nouveautés","الجديد"
"COLLECTION","nouveautes","body_html","<p>Les dernières pièces arrivées chez LLUFAN.</p><p><em>Collection de démonstration.</em></p>","<p>آخر ما وصل إلى LLUFAN.</p><p><em>مجموعة تجريبية.</em></p>"
"COLLECTION","accessoires","title","Accessoires et pièces détachées","الإكسسوارات وقطع الغيار"
"COLLECTION","accessoires","body_html","<p>Housses de rechange, coussinets, bavoirs et petites pièces utiles au quotidien.</p><p><em>Collection de démonstration.</em></p>","<p>أغطية بديلة، حشوات الإرضاع، مرايل وقطع صغيرة مفيدة في اليومي.</p><p><em>مجموعة تجريبية.</em></p>"
"PAGE","la-marque","title","La marque","العلامة"
"PAGE","la-marque","body_html","<p class=""eyebrow"">La marque</p>
<h2>Une marque algérienne, dédiée au confort de la maman et du bébé</h2>
<p>LLUFAN est née d'un constat simple : en Algérie, les mamans cherchent des produits doux, bien pensés, et un interlocuteur qui répond vraiment. Nous imaginons des produits pour la grossesse, l'allaitement et les premiers mois de bébé, avec une attention particulière portée au confort et à la simplicité au quotidien.</p><p><em>Texte de démonstration : cette page sera remplacée par l'histoire, les valeurs et la fabrication telles que LLUFAN souhaite les raconter.</em></p>
<h3>Des produits pensés ici</h3>
<p>Chaque produit part d'un besoin réel du quotidien, avec un principe : faire simple et solide.</p>
<h3>Le confort avant tout</h3>
<p>Des formes qui accompagnent le corps, des matières douces sur la peau de bébé.</p>
<h3>Choisi pour durer</h3>
<p>Des matières et des finitions pensées pour être utilisées longtemps.</p>
<h3>Un contact humain</h3>
<p>Une équipe joignable sur WhatsApp et par e-mail, avant comme après votre commande.</p>
<p><a href=""/pages/contact"">Nous écrire</a></p>
<p><a href=""collections/all"">Voir tous nos produits</a></p>","<p class=""eyebrow"">العلامة</p>
<h2>علامة جزائرية مخصّصة لراحة الأم والطفل</h2>
<p>وُلدت LLUFAN من ملاحظة بسيطة: في الجزائر، تبحث الأمهات عن منتجات ناعمة ومدروسة، وعن جهة تردّ عليهنّ فعلًا. نصمّم منتجات للحمل والإرضاع والأشهر الأولى من حياة الطفل، بعناية خاصة بالراحة والبساطة في اليومي.</p><p><em>نص تجريبي: ستُستبدل هذه الصفحة بحكاية العلامة وقيمها وطريقة التصنيع كما تريد LLUFAN أن ترويها.</em></p>
<h3>منتجات مدروسة هنا</h3>
<p>كل منتج يبدأ من حاجة حقيقية في اليومي، بمبدأ واحد: البساطة والمتانة.</p>
<h3>الراحة قبل كل شيء</h3>
<p>أشكال تواكب الجسم، وأقمشة ناعمة على بشرة الطفل.</p>
<h3>اختيار يدوم</h3>
<p>أقمشة ولمسات نهائية مصنوعة لتُستعمل طويلًا.</p>
<h3>تواصل إنساني</h3>
<p>فريق يمكن الوصول إليه عبر واتساب والبريد، قبل الطلب وبعده.</p>
<p><a href=""collections/all"">تصفّحي كل المنتجات</a></p>"
"PAGE","livraison","title","Livraison","التوصيل"
"PAGE","livraison","body_html","<p class=""eyebrow"">Aide</p>
<h2>Livraison partout en Algérie</h2>
<p>Nous livrons dans les 69 wilayas, à domicile ou en stop-desk. Les frais sont calculés selon votre wilaya et le mode choisi, et s'affichent automatiquement dans le formulaire de commande.</p>
<h3>Zones desservies</h3>
<p>Les 69 wilayas d'Algérie, à domicile ou en stop-desk.</p><p><em>Tarifs de démonstration : ils seront remplacés par les tarifs transporteur réels.</em></p>
<h3>Frais de livraison</h3>
<p>Le tarif dépend de la wilaya et du mode de livraison. Il apparaît dès que vous choisissez votre wilaya et votre commune dans le formulaire de commande.</p>
<p><a href=""collections/all"">Commander</a></p>
<h3>Paiement à la livraison</h3>
<p>Vous payez en espèces à la réception du colis, une fois la commande livrée.</p>
<h3>Suivi de la commande</h3>
<p>Pour connaître l'état de votre commande, contactez-nous sur WhatsApp.</p>
<p><em>Délais indicatifs de démonstration : 2 à 5 jours ouvrés selon la wilaya (à confirmer selon le transporteur).</em></p>
<p><a href=""/pages/faq"">Questions fréquentes</a></p>","<p class=""eyebrow"">المساعدة</p>
<h2>التوصيل إلى كل الجزائر</h2>
<p>نوصّل إلى الولايات الـ 69، إلى المنزل أو إلى مكتب الاستلام. تُحسب التكاليف حسب ولايتك ونوع التوصيل، وتظهر تلقائيًا في نموذج الطلب.</p>
<h3>المناطق المغطاة</h3>
<p>الولايات الـ 69، إلى المنزل أو إلى مكتب الاستلام. <em>تكاليف تجريبية: ستُستبدل بأسعار شركة التوصيل الحقيقية.</em></p>
<h3>مصاريف التوصيل</h3>
<p>السعر يتوقف على الولاية ونوع التوصيل، ويظهر بمجرد اختيار الولاية والبلدية في نموذج الطلب.</p>
<h3>الدفع عند الاستلام</h3>
<p>تدفعين نقدًا عند استلام الطرد، بعد وصول الطلب.</p>
<h3>متابعة الطلب</h3>
<p>لمعرفة حالة طلبك، راسلينا على واتساب.</p>
<p><em>مدد إرشادية تجريبية: من 2 إلى 5 أيام عمل حسب الولاية (تُؤكَّد حسب شركة التوصيل).</em></p>
<p><a href=""/pages/faq"">الأسئلة الشائعة</a></p>"
"PAGE","paiement","title","Paiement","الدفع"
"PAGE","paiement","body_html","<p class=""eyebrow"">Aide</p>
<h2>Paiement à la livraison</h2>
<p>Aucune carte bancaire n'est demandée sur le site : vous commandez, nous vous rappelons, et vous payez en espèces quand le colis vous est remis.</p>
<h3>Aucun paiement en ligne</h3>
<p>Le site ne demande ni carte bancaire ni virement. La commande est confirmée par téléphone ou par WhatsApp.</p>
<h3>Commande vérifiée</h3>
<p>Avant l'expédition, nous vérifions le récapitulatif, l'adresse et le numéro de téléphone.</p>
<h3>Vous payez à la réception</h3>
<p>Le montant est réglé en espèces au livreur, au moment de la remise du colis.</p>
<h3>Confirmation par WhatsApp</h3>
<p>Notre équipe vous contacte pour confirmer la wilaya, la commune et le mode de livraison.</p>
<p><a href=""/pages/faq"">Questions fréquentes</a></p>","<p class=""eyebrow"">المساعدة</p>
<h2>الدفع عند الاستلام</h2>
<p>لا نطلب أي بطاقة بنكية على الموقع: تطلبين، نتّصل بك، وتدفعين نقدًا عند تسليم الطرد.</p>
<h3>بدون دفع عبر الإنترنت</h3>
<p>الموقع لا يطلب بطاقة بنكية ولا تحويلًا. يُؤكَّد الطلب هاتفيًا أو عبر واتساب.</p>
<h3>طلب مُتحقَّق منه</h3>
<p>قبل الإرسال، نتحقق من ملخّص الطلب والعنوان ورقم الهاتف.</p>
<h3>الدفع عند التسليم</h3>
<p>يُدفع المبلغ نقدًا لعامل التوصيل، لحظة تسليم الطرد.</p>
<h3>تأكيد عبر واتساب</h3>
<p>يتواصل معك فريقنا لتأكيد الولاية والبلدية ونوع التوصيل.</p>
<p><a href=""/pages/faq"">الأسئلة الشائعة</a></p>"
"PAGE","politique-de-retour","title","Échanges et retours","التبديل والإرجاع"
"PAGE","politique-de-retour","body_html","<p class=""eyebrow"">Aide</p>
<h2>Échanges et retours</h2>
<p>Un article ne convient pas ? Voici comment faire, étape par étape.</p><p><em>Gabarit de démonstration : les conditions définitives seront fixées par LLUFAN.</em></p>
<h3>1. Nous contacter</h3>
<p>Écrivez-nous sur WhatsApp ou par e-mail en précisant votre numéro de commande et le produit concerné.</p>
<p><a href=""/pages/contact"">Page contact</a></p>
<h3>2. Délai</h3>
<p>La demande est à faire sous 7 jours après la réception du colis. <em>(Durée de démonstration, à valider.)</em></p>
<h3>3. État du produit</h3>
<p>L'article doit être non utilisé et dans son emballage d'origine.</p>
<h3>4. Frais de retour</h3>
<p><em>Emplacement à compléter : qui prend en charge les frais de retour (à décider par LLUFAN).</em></p>
<p><em>Page de démonstration. Remplacer par la politique de retour validée par LLUFAN.</em></p>
<p><a href=""/pages/contact"">Nous contacter</a></p>","<p class=""eyebrow"">المساعدة</p>
<h2>التبديل والإرجاع</h2>
<p>لم يناسبك منتج؟ إليك الطريقة خطوة بخطوة. <em>نموذج تجريبي: الشروط النهائية تُحدّدها LLUFAN.</em></p>
<h3>1. تواصلي معنا</h3>
<p>راسلينا على واتساب أو بالبريد مع رقم الطلب والمنتج المعني.</p>
<h3>2. المدّة</h3>
<p>يُقدَّم الطلب في غضون 7 أيام من الاستلام. <em>(مدّة تجريبية، في انتظار التأكيد.)</em></p>
<h3>3. حالة المنتج</h3>
<p>يجب أن يكون المنتج غير مستعمل وفي غلافه الأصلي.</p>
<h3>4. مصاريف الإرجاع</h3>
<p><em>مكان للاستكمال: من يتحمّل مصاريف الإرجاع (قرار يخصّ LLUFAN).</em></p>
<p><em>صفحة تجريبية. تُستبدل بسياسة الإرجاع المعتمدة من LLUFAN.</em></p>
<p><a href=""/pages/contact"">اتصلي بنا</a></p>"
"PAGE","mentions-legales","title","Mentions légales","المعلومات القانونية"
"PAGE","mentions-legales","body_html","<p class=""eyebrow"">Informations</p>
<h2>Mentions légales</h2>
<p><em>Page de démonstration : complétez les informations ci-dessous avant la mise en ligne.</em></p>
<h3>Éditeur du site</h3>
<p>LLUFAN — <em>[raison sociale, adresse et registre de commerce à compléter]</em>.</p>
<h3>Contact</h3>
<p>Nos coordonnées (WhatsApp et e-mail) sont indiquées dans le pied de page et sur la page Contact.</p>
<p><a href=""/pages/contact"">Page contact</a></p>
<h3>Hébergement</h3>
<p><em>[Nom et adresse de l'hébergeur à compléter]</em>.</p>
<h3>Propriété intellectuelle</h3>
<p><em>[Mentions relatives aux contenus, aux photos et à la marque à compléter]</em>.</p>
<p><em>Ce gabarit ne remplace pas un texte juridique validé.</em></p>","<p class=""eyebrow"">معلومات</p>
<h2>المعلومات القانونية</h2>
<p><em>صفحة تجريبية: استكملي المعلومات أدناه قبل النشر.</em></p>
<h3>ناشر الموقع</h3>
<p>LLUFAN — [الاسم القانوني والعنوان والسجل التجاري للاستكمال].</p>
<h3>الاتصال</h3>
<p>بيانات التواصل (واتساب والبريد) موجودة في تذييل الصفحة وفي صفحة «اتصلي بنا».</p>
<h3>الاستضافة</h3>
<p>[اسم وعنوان المستضيف للاستكمال].</p>
<h3>الملكية الفكرية</h3>
<p>[بيانات المحتويات والصور والعلامة للاستكمال].</p>
<p><em>هذا النموذج لا يغني عن نصّ قانوني معتمد.</em></p>"
"PAGE","cgv","title","Conditions générales de vente","شروط البيع العامة"
"PAGE","cgv","body_html","<p class=""eyebrow"">Informations</p>
<h2>Conditions générales de vente</h2>
<p><em>Gabarit de démonstration : ce texte présente la structure attendue et doit être validé avant la mise en ligne.</em></p>
<h3>1. Objet</h3>
<p><em>[Objet des conditions de vente et champ d'application à compléter.]</em></p>
<h3>2. Prix et devise</h3>
<p>Tous les prix sont affichés en dinars algériens (DZD), frais de livraison en sus selon la wilaya.</p>
<h3>3. Commande et paiement</h3>
<p>La commande se fait sur le site, sans paiement en ligne : le règlement se fait en espèces à la livraison (COD).</p>
<p><a href=""/pages/paiement"">Pages paiement</a></p>
<h3>4. Livraison</h3>
<p>Livraison dans les 69 wilayas, à domicile ou en stop-desk. <em>[Délais et transporteurs à compléter.]</em></p>
<p><a href=""/pages/livraison"">Page livraison</a></p>
<h3>5. Échanges et retours</h3>
<p><em>[Conditions d'échange et de retour à compléter.]</em></p>
<p><a href=""/pages/politique-de-retour"">Échanges et retours</a></p>
<h3>6. Service client</h3>
<p>Notre service client répond sur WhatsApp et par e-mail, avant et après la commande.</p>
<p><a href=""/pages/contact"">Page contact</a></p>
<p><em>Gabarit de démonstration, sans valeur juridique.</em></p>","<p class=""eyebrow"">معلومات</p>
<h2>شروط البيع العامة</h2>
<p><em>نموذج تجريبي: يعرض هذا النص البنية المتوقعة، ويجب اعتماده قبل النشر.</em></p>
<h3>1. الموضوع</h3>
<p>[موضوع شروط البيع ومجال تطبيقها للاستكمال.]</p>
<h3>2. الأسعار والعملة</h3>
<p>كل الأسعار بالدينار الجزائري (دج)، ومصاريف التوصيل تُضاف حسب الولاية.</p>
<h3>3. الطلب والدفع</h3>
<p>يُقدَّم الطلب على الموقع، بدون دفع عبر الإنترنت: يُدفع نقدًا عند الاستلام.</p>
<h3>4. التوصيل</h3>
<p>التوصيل إلى الولايات الـ 69، إلى المنزل أو إلى مكتب الاستلام. [المدد وشركات التوصيل للاستكمال.]</p>
<h3>5. التبديل والإرجاع</h3>
<p>[شروط التبديل والإرجاع للاستكمال.]</p>
<h3>6. خدمة العملاء</h3>
<p>يجيبنا فريقنا على واتساب وبالبريد، قبل الطلب وبعده.</p>
<p><em>نموذج تجريبي، بدون قيمة قانونية.</em></p>"
"PAGE","confidentialite","title","Politique de confidentialité","سياسة الخصوصية"
"PAGE","confidentialite","body_html","<p class=""eyebrow"">Informations</p>
<h2>Politique de confidentialité</h2>
<p><em>Gabarit de démonstration : à compléter selon les traitements réellement effectués.</em></p>
<h3>1. Données collectées</h3>
<p>Les informations saisies dans le formulaire de commande : nom, numéro de téléphone, wilaya, commune, mode de livraison, contenu du panier.</p>
<h3>2. Utilisation</h3>
<p>Ces données servent uniquement à traiter la commande, organiser la livraison et assurer le service client.</p>
<h3>3. Conservation</h3>
<p><em>[Durée de conservation à définir.]</em></p>
<h3>4. Destinataires</h3>
<p>Les informations strictement nécessaires sont transmises au transporteur chargé de la livraison.</p>
<h3>5. Vos droits</h3>
<p>Vous pouvez demander l'accès, la rectification ou la suppression de vos données en nous contactant.</p>
<p><a href=""/pages/contact"">Page contact</a></p>
<p><em>Gabarit de démonstration, sans valeur juridique.</em></p>","<p class=""eyebrow"">معلومات</p>
<h2>سياسة الخصوصية</h2>
<p><em>نموذج تجريبي: يُستكمل حسب المعالجات الفعلية للبيانات.</em></p>
<h3>1. البيانات المجمَّعة</h3>
<p>المعلومات المُدخلة في نموذج الطلب: الاسم، رقم الهاتف، الولاية، البلدية، نوع التوصيل، ومحتوى السلة.</p>
<h3>2. الاستعمال</h3>
<p>تُستعمل هذه البيانات فقط لمعالجة الطلب وتنظيم التوصيل وضمان خدمة العملاء.</p>
<h3>3. مدّة الحفظ</h3>
<p>[مدّة الحفظ للاستكمال.]</p>
<h3>4. الجهات المستلمة</h3>
<p>تُنقل المعلومات الضرورية فقط إلى شركة التوصيل المكلّفة بتسليم الطلب.</p>
<h3>5. حقوقك</h3>
<p>يمكنك طلب الوصول إلى بياناتك أو تصحيحها أو حذفها بمراسلتنا.</p>
<p><em>نموذج تجريبي، بدون قيمة قانونية.</em></p>"
"PAGE","faq","title","Questions fréquentes","الأسئلة الشائعة"
"PAGE","faq","body_html","<p class=""eyebrow"">Aide</p>
<h2>Questions fréquentes</h2>
<h3>Comment se passe le paiement ?</h3>
<p>Vous payez à la livraison, en espèces, au moment de recevoir votre colis. Aucun paiement en ligne n'est demandé.</p>
<h3>Livrez-vous partout en Algérie ?</h3>
<p>Oui, dans les 69 wilayas, à domicile ou en stop-desk.</p>
<h3>Comment sont calculés les frais de livraison ?</h3>
<p>Les frais dépendent de la wilaya et du mode choisi. Le tarif s'affiche dans le formulaire de commande dès que vous sélectionnez votre wilaya et votre commune.</p>
<h3>Quels sont les délais de livraison ?</h3>
<p>2 à 5 jours ouvrés selon la wilaya. <em>(Délai de démonstration, à confirmer selon le transporteur.)</em></p>
<h3>Puis-je échanger un article ?</h3>
<p>Un échange est possible sous 7 jours, article non utilisé et dans son emballage d'origine. <em>(Conditions de démonstration.)</em></p>
<h3>Les produits sont-ils lavables ?</h3>
<p>Les textiles se lavent en machine à 30 °C, sauf indication contraire sur la fiche du produit.</p>
<h3>Puis-je commander sans créer de compte ?</h3>
<p>Oui. La commande se fait directement depuis la fiche produit : nom, téléphone, wilaya et commune suffisent.</p>
<h3>Comment vous contacter ?</h3>
<p>Notre service client répond sur WhatsApp et par e-mail : les coordonnées sont dans le pied de page et sur la page Contact.</p>
<p><a href=""/pages/contact"">Une autre question ? Écrivez-nous</a></p>","<p class=""eyebrow"">المساعدة</p>
<h2>الأسئلة الشائعة</h2>
<h3>كيف يتم الدفع؟</h3>
<p>تدفعين عند الاستلام، نقدًا، لحظة تسلّم الطرد. لا نطلب أي دفع عبر الإنترنت.</p>
<h3>هل توصّلون إلى كل الجزائر؟</h3>
<p>نعم، إلى الولايات الـ 69، إلى المنزل أو إلى مكتب الاستلام.</p>
<h3>كيف تُحسب تكاليف التوصيل؟</h3>
<p>تتوقف التكلفة على الولاية ونوع التوصيل. يظهر السعر في نموذج الطلب بمجرد اختيار الولاية والبلدية.</p>
<h3>ما هي مدد التوصيل؟</h3>
<p>من 2 إلى 5 أيام عمل حسب الولاية. <em>(مدّة تجريبية، تُؤكَّد حسب شركة التوصيل.)</em></p>
<h3>هل يمكنني تبديل منتج؟</h3>
<p>التبديل ممكن في غضون 7 أيام، شرط أن يكون المنتج غير مستعمل وفي غلافه الأصلي. <em>(شروط تجريبية.)</em></p>
<h3>هل المنتجات قابلة للغسل؟</h3>
<p>الأقمشة تُغسل في الغسالة على 30 °م، إلا إذا ذُكر خلاف ذلك في وصف المنتج.</p>
<h3>هل يمكنني الطلب بدون إنشاء حساب؟</h3>
<p>نعم. يتم الطلب مباشرة من صفحة المنتج: الاسم ورقم الهاتف والولاية والبلدية تكفي.</p>
<h3>كيف أتواصل معكم؟</h3>
<p>يجيبك فريقنا على واتساب وبالبريد: البيانات موجودة في تذييل الصفحة وفي صفحة «اتصلي بنا».</p>
<p><a href=""/pages/contact"">سؤال آخر؟ راسلينا</a></p>"
"PAGE","club-maman","title","Club Maman","نادي المامان"
"PAGE","club-maman","body_html","<p class=""eyebrow"">Espace d'échange</p>
<h2>Club Maman</h2>
<p>Le Club Maman est l'espace d'échange de LLUFAN : poser une question, partager une astuce, lire l'expérience d'autres mamans.</p><p>Ici on parle du quotidien — le projet bébé, la grossesse, l'allaitement, les premiers mois — sans jugement et sans conseil médical.</p><p><em>Texte de démonstration.</em></p>
<h3>Nos espaces d'échange</h3>
<p><strong>Projet bébé</strong><br>Vous préparez l'arrivée de bébé : listes, chambre, premiers achats et questions pratiques.</p>
<p><strong>Grossesse</strong><br>Confort, sommeil, positions, préparation : échangez sur les mois qui précèdent la naissance.</p>
<p><strong>Allaitement</strong><br>Positions, matériel, rythme des tétées : les astuces de celles qui sont passées par là.</p>
<p><strong>Après la naissance</strong><br>Le quotidien avec bébé : nuits, rythme, organisation, et le droit de souffler un peu.</p>
<h3>Discussions</h3>
<h3>Quelle position pour allaiter la nuit ?</h3>
<p>Discussion de démonstration : bébé a cinq semaines et je cherche une position qui me permette de me reposer un peu…</p>
<p><em>Amina</em></p>
<h3>Préparer sa valise pour la maternité</h3>
<p>Discussion de démonstration : voici ma liste, dites-moi ce que j'ai oublié.</p>
<p><em>Lila</em></p>
<h3>Les nuits hachées, comment vous tenez ?</h3>
<p>Discussion de démonstration : je ne sais pas si c'est normal à trois semaines…</p>
<p><em>Nour</em></p>
<h3>Ressources pour les mamans</h3>
<p>Nos réponses aux questions les plus fréquentes : commande, paiement à la livraison, délais, entretien des produits.</p><p><em>Emplacement de démonstration : guides, articles ou vidéos viendront ici.</em></p>
<h3>Rejoindre le Club Maman</h3>
<p>Laissez votre e-mail pour être prévenue de l'ouverture des discussions et recevoir les conseils LLUFAN.</p><p><em>Texte de démonstration.</em></p>
<p>Inscription de démonstration : indiquez ici la finalité (conseils, nouveautés) et renvoyez vers la politique de confidentialité.</p>","<p class=""eyebrow"">فضاء للتبادل</p>
<h2>نادي المامان</h2>
<p>نادي المامان هو فضاء التبادل لدى LLUFAN: اطرحي سؤالًا، شاركي نصيحة، واقرئي تجربة أمهات أخريات.</p><p>نتحدّث هنا عن اليومي — مشروع الطفل، الحمل، الإرضاع، الأشهر الأولى — بدون حكم وبدون نصيحة طبية.</p><p><em>نص تجريبي.</em></p>
<h3>فضاءات التبادل</h3>
<p><strong>مشروع الطفل</strong><br>تستعدّين لقدوم الطفل: القوائم، الغرفة، أولى المشتريات والأسئلة العملية.</p>
<p><strong>الحمل</strong><br>الراحة، النوم، الوضعيات، التحضير: تبادلي حول الأشهر التي تسبق الولادة.</p>
<p><strong>الإرضاع</strong><br>الوضعيات، الأدوات، إيقاع الجلسات: نصائح من مررن من التجربة قبلك.</p>
<p><strong>بعد الولادة</strong><br>اليومي مع الطفل: الليالي، الإيقاع، التنظيم، وحقّ في أن تلتقطي أنفاسك.</p>
<h3>نقاشات</h3>
<h3>أي وضعية للإرضاع في الليل؟</h3>
<p>نقاش تجريبي: طفلتي عمرها خمسة أسابيع وأبحث عن وضعية تسمح لي بالراحة قليلًا…</p>
<p><em>أمينة</em></p>
<h3>تحضير حقيبة الولادة</h3>
<p>نقاش تجريبي: هذه قائمتي، أخبرنني ما نسيت.</p>
<p><em>ليلى</em></p>
<h3>الليالي المتقطّعة، كيف تصمدن؟</h3>
<p>نقاش تجريبي: لا أعرف إن كان هذا عاديًا في الأسبوع الثالث…</p>
<p><em>نور</em></p>
<h3>مصادر للأمهات</h3>
<p>أجوبتنا عن أكثر الأسئلة تكرارًا: الطلب، الدفع عند الاستلام، المدد، العناية بالمنتجات.</p><p><em>مكان تجريبي: أدلّة ومقالات وفيديوهات ستأتي هنا.</em></p>
<h3>انضمي إلى نادي المامان</h3>
<p>اتركي بريدك الإلكتروني لتصلك انطلاقة النقاشات ونصائح LLUFAN.</p><p><em>نص تجريبي.</em></p>
<p>تسجيل تجريبي: يُذكر هنا الهدف (نصائح، جديد) مع الإحالة على سياسة الخصوصية.</p>"
"PAGE","contact","title","Contact","اتصلي بنا"
"BLOG","journal","title","Le journal","المجلة"
"ARTICLE","choisir-son-coussin-d-allaitement","title","Comment choisir son coussin d'allaitement","كيف تختارين وسادة الإرضاع المناسبة"
"ARTICLE","choisir-son-coussin-d-allaitement","excerpt","Forme, garnissage, entretien : les questions à se poser avant d'acheter (article de démonstration).","الشكل، الحشو، العناية: الأسئلة التي تُطرح قبل الشراء (مقال تجريبي)."
"ARTICLE","choisir-son-coussin-d-allaitement","body_html","<p><em>Article de démonstration, à remplacer par un texte validé par LLUFAN.</em></p><h2>La forme</h2><p>Un coussin en forme de boomerang se place autour du corps et sert d'appui pour les bras ; sa taille compte plus que son épaisseur. Les modèles longs en U conviennent mieux à celles qui cherchent un appui pour le dos et les jambes, pendant la grossesse comme après.</p><h2>Le garnissage</h2><p>Des microbilles suivent les positions et se remettent en forme d'un geste. Un garnissage trop ferme maintient sans se creuser ; trop souple, il s'affaisse vite.</p><h2>L'entretien</h2><p>Une housse déhoussable qui passe en machine à 30 °C change la vie : elle se lave souvent, et une housse de rechange permet de continuer à utiliser le coussin pendant le séchage.</p><p>Pour toute question liée à votre santé ou à celle de votre bébé, parlez-en à votre sage-femme ou à votre médecin.</p>","<p><em>مقال تجريبي، يُستبدل بنصّ معتمد من LLUFAN.</em></p><h2>الشكل</h2><p>الوسادة بشكل الهلال تُوضع حول الجسم وتكون مسندًا للذراعين؛ مقاسها أهمّ من سماكتها. الموديلات الطويلة على شكل U تناسب أكثر من تبحث عن سند للظهر والساقين، أثناء الحمل وبعده.</p><h2>الحشو</h2><p>الكريات الدقيقة تتبع الوضعيات وتعود إلى شكلها بحركة واحدة. الحشو الصلب جدًا يسند دون أن ينخفض؛ والطري جدًا يهبط بسرعة.</p><h2>العناية</h2><p>غطاء قابل للفصل يُغسل في الغسالة على 30 °م يغيّر كل شيء: يُغسل كثيرًا، وغطاء احتياطي يسمح بمواصلة استعمال الوسادة في الأثناء.</p><h2>الخلاصة</h2><p>ابدئي من طريقة استعمالك: جلسات كثيرة في البيت، أو إرضاع في التنقل. الشكل يتبع ذلك.</p>"
"ARTICLE","preparer-ses-premieres-tetees","title","Préparer ses premières tétées : l'organisation pratique","التحضير لأولى جلسات الإرضاع: التنظيم العملي"
"ARTICLE","preparer-ses-premieres-tetees","excerpt","Ce qui aide à se sentir prête, matériel et confort, sans prétendre remplacer un accompagnement (article de démonstration).","ما يساعدك على الشعور بالاستعداد، من الأدوات والراحة، دون أن يغني عن المرافقة (مقال تجريبي)."
"ARTICLE","preparer-ses-premieres-tetees","body_html","<p><em>Article de démonstration, à remplacer par un texte validé par LLUFAN.</em></p><h2>Un endroit confortable</h2><p>Un fauteuil avec des accoudoirs, un coussin pour poser bébé à la bonne hauteur, et de la lumière douce : ce sont les trois éléments qui reviennent le plus dans les retours des mamans.</p><h2>À portée de main</h2><p>De l'eau, un téléphone chargé, un lange et la télécommande : la tétée dure le temps qu'elle dure, et se lever pour chercher un verre d'eau est rarement possible.</p><h2>S'entourer</h2><p>Les premiers jours soulèvent beaucoup de questions. Une sage-femme, une consultante en lactation ou une amie qui est passée par là valent mieux qu'une recherche sur internet à trois heures du matin. Le Club Maman existe pour ces échanges du quotidien — jamais pour remplacer un avis professionnel.</p>","<p><em>مقال تجريبي، يُستبدل بنصّ معتمد من LLUFAN.</em></p><h2>مكان مريح</h2><p>كرسي بمسندين، ووسادة ترفع الطفل إلى الارتفاع المناسب، وضوء هادئ: هذه العناصر الثلاثة هي الأكثر تكرارًا في تجارب الأمهات.</p><h2>في متناول اليد</h2><p>ماء، هاتف مشحون، قماش قطني وجهاز التحكّم: جلسة الإرضاع تدوم ما تدوم، والقيام للبحث عن كأس ماء نادرًا ما يكون ممكنًا.</p><h2>أحطي نفسك</h2><p>الأيام الأولى تطرح أسئلة كثيرة. قابلة أو مستشارة إرضاع أو صديقة مرّت من التجربة أفضل من بحث على الإنترنت في الثالثة صباحًا. نادي المامان موجود لهذه التبادلات.</p>"
"ARTICLE","la-chambre-de-bebe-les-essentiels","title","La chambre de bébé : les essentiels des premiers mois","غرفة الطفل: الأساسيات في الأشهر الأولى"
"ARTICLE","la-chambre-de-bebe-les-essentiels","excerpt","Une liste courte, pour ne pas acheter tout ce qui brille (article de démonstration).","قائمة قصيرة، لكي لا تشتري كل ما يلمع (مقال تجريبي)."
"ARTICLE","la-chambre-de-bebe-les-essentiels","body_html","<p><em>Article de démonstration, à remplacer par un texte validé par LLUFAN.</em></p><h2>Pour dormir</h2><p>Un berceau ou un lit conforme, un matelas ferme à sa taille, une gigoteuse adaptée à la saison. Les coussins, tours de lit et couvertures n'ont pas leur place dans le lit de bébé.</p><h2>Pour le change</h2><p>Une table à langer ou un plan stable, des couches, des lingettes ou des carrés de coton, une crème de change, et une réserve à portée de main.</p><h2>Pour les moments d'éveil</h2><p>Une couverture au sol, un tapis d'éveil, deux ou trois jouets : largement de quoi commencer. Le reste viendra au rythme de bébé.</p>","<p><em>مقال تجريبي، يُستبدل بنصّ معتمد من LLUFAN.</em></p><h2>للنوم</h2><p>سرير مطابق للمعايير، ومرتبة صلبة بمقاسه، وكيس نوم مناسب للفصل. الوسادات وأسوار السرير والأغطية ليس لها مكان في سرير الطفل.</p><h2>للتغيير</h2><p>طاولة تغيير أو سطح ثابت، حفاضات، مناديل أو مربّعات قطنية، كريم تغيير، ومخزون في متناول اليد.</p><h2>لفترات اللعب</h2><p>غطاء على الأرض، سجّادة لعب، ولعبتان أو ثلاث: هذا يكفي للبداية. والباقي يأتي على إيقاع الطفل.</p>"
"ONLINE_STORE_THEME","sections/cart-drawer.liquid","réglage « cta_label »","Commander","إتمام الطلب"
"ONLINE_STORE_THEME","page.club-maman.json","club › espaces_titre (réglage « espaces_titre »)","Nos espaces d'échange","فضاءات التبادل"
"ONLINE_STORE_THEME","page.club-maman.json","club › discussions_titre (réglage « discussions_titre »)","Discussions","نقاشات"
"ONLINE_STORE_THEME","page.club-maman.json","club › rejoindre_titre (réglage « rejoindre_titre »)","Rejoindre le Club Maman","انضمي إلى نادي المامان"
"ONLINE_STORE_THEME","page.club-maman.json","club › rejoindre_bouton (réglage « rejoindre_bouton »)","Je m'inscris","أشترك"
"ONLINE_STORE_THEME","page.club-maman.json","club › rejoindre_confirmation (réglage « rejoindre_confirmation »)","Merci, votre inscription est enregistrée.","شكرًا، تم تسجيل اشتراكك."
"ONLINE_STORE_THEME","page.club-maman.json","club › rejoindre_compte_label (réglage « rejoindre_compte_label »)","Créer mon compte","إنشاء حسابي"
"ONLINE_STORE_THEME","sections/commande-livraison.liquid","réglage « heading »","Commander — Paiement à la livraison","اطلبي — الدفع عند الاستلام"
"ONLINE_STORE_THEME","sections/commande-livraison.liquid","réglage « cta »","Commander maintenant","اطلبي الآن"
"ONLINE_STORE_THEME","footer-group.json","footer › copyright_text (réglage « copyright_text »)","Tous droits réservés.","جميع الحقوق محفوظة."
"ONLINE_STORE_THEME","footer-group.json","footer › copyright_line (réglage « copyright_line »)","Algérie · llufan.com","الجزائر · llufan.com"
"ONLINE_STORE_THEME","footer-group.json","footer › legal_retours_label (réglage « legal_retours_label »)","Politique de retour / échange","التبديل والإرجاع"
"ONLINE_STORE_THEME","page.cgv.json","info › bandeau_demo (réglage « bandeau_demo »)","Contenu de démonstration — à remplacer avant la mise en ligne.","محتوى تجريبي — يُستبدل قبل النشر."
"ONLINE_STORE_THEME","sections/header-group.json","bandeau d'annonce — message 1","Paiement à la livraison · 69 wilayas","الدفع عند الاستلام · 69 ولاية"
"ONLINE_STORE_THEME","sections/header-group.json","bandeau d'annonce — message 2","Livraison à domicile ou en stop-desk","التوصيل إلى المنزل أو إلى مكتب الاستلام"
"ONLINE_STORE_THEME","sections/header-group.json","pré-bandeau — raccourci 1","Espace maman","نادي الأمهات"
"ONLINE_STORE_THEME","sections/header-group.json","pré-bandeau — raccourci 3","Pièces détachées","قطع الغيار"
"ONLINE_STORE_THEME","sections/header-group.json","pré-bandeau — raccourci 4","Aide / FAQ","المساعدة / الأسئلة الشائعة"
"ONLINE_STORE_THEME","collection.json","faq › q1 › question","Comment se passe le paiement ?","كيف يتم الدفع؟"
"ONLINE_STORE_THEME","collection.json","faq › q1 › answer","<p>Vous payez à la livraison, en espèces, au moment de recevoir votre colis. Aucun paiement en ligne n'est demandé.</p>","<p>تدفعين عند التسليم، نقدًا، لحظة استلام الطرد. لا يُطلب أي دفع إلكتروني.</p>"
"ONLINE_STORE_THEME","collection.json","faq › q2 › question","Livrez-vous partout en Algérie ?","هل توصّلون إلى كل الجزائر؟"
"ONLINE_STORE_THEME","collection.json","faq › q2 › answer","<p>Oui, dans les 69 wilayas, à domicile ou en stop-desk.</p>","<p>نعم، إلى الولايات الـ69، إلى المنزل أو إلى مكتب الاستلام.</p>"
"ONLINE_STORE_THEME","collection.json","faq › q3 › question","Comment sont calculés les frais de livraison ?","كيف تُحسب مصاريف التوصيل؟"
"ONLINE_STORE_THEME","collection.json","faq › q3 › answer","<p>Les frais dépendent de la wilaya et du mode choisi. Le tarif s'affiche dans le formulaire de commande dès que vous sélectionnez votre wilaya et votre commune.</p>","<p>تتحدّد المصاريف حسب الولاية والطريقة المختارة، وتظهر في استمارة الطلب بعد اختيار الولاية والبلدية.</p>"
"ONLINE_STORE_THEME","index.json","hero › s1 › kicker","Nouveauté","مستجد"
"ONLINE_STORE_THEME","index.json","hero › s1 › heading","Le coussin d'allaitement Nomad","وسادة الرضاعة نوماد"
"ONLINE_STORE_THEME","index.json","hero › s1 › button_label","Découvrir Nomad","اكتشفي نوماد"
"ONLINE_STORE_THEME","index.json","hero › s2 › kicker","Confort maman et bébé","راحة الأم والطفل"
"ONLINE_STORE_THEME","index.json","hero › s2 › heading","Des matières douces, pensées pour le quotidien","مواد ناعمة، مدروسة لليومي"
"ONLINE_STORE_THEME","index.json","hero › s2 › button_label","Découvrir la marque","اكتشفي العلامة"
"ONLINE_STORE_THEME","index.json","icons › i1 › text","Livraison dans les 69 wilayas","التوصيل إلى الولايات الـ69"
"ONLINE_STORE_THEME","index.json","icons › i2 › text","Paiement à la livraison","الدفع عند الاستلام"
"ONLINE_STORE_THEME","index.json","icons › i3 › text","Conçu pour l'allaitement","مصمَّم للرضاعة"
"ONLINE_STORE_THEME","index.json","univers › c1 › button_label","Découvrir","اكتشفي"
"ONLINE_STORE_THEME","index.json","univers › c4 › badge","Nouveau","جديد"
"ONLINE_STORE_THEME","index.json","univers › heading","Nos univers","عوالمنا"
"ONLINE_STORE_THEME","index.json","selection › heading","Nos coups de cœur allaitement","مختاراتنا للرضاعة"
"ONLINE_STORE_THEME","index.json","selection › button_label","Voir toute la collection","تصفّحي كل التشكيلة"
"ONLINE_STORE_THEME","index.json","avis › t1 › quote","Avis de démonstration : le coussin tient bien en place et les tétées de nuit sont beaucoup plus simples.","رأي تجريبي: الوسادة تثبت جيدًا والرضعات الليلية أصبحت أسهل بكثير."
"ONLINE_STORE_THEME","index.json","avis › t1 › author","Amina — Alger","أمينة — الجزائر"
"ONLINE_STORE_THEME","index.json","avis › t2 › quote","Avis de démonstration : commande passée le lundi, colis reçu en stop-desk le mercredi, paiement à la réception.","رأي تجريبي: الطلب يوم الاثنين، والطرد وصل إلى مكتب الاستلام يوم الأربعاء، والدفع عند الاستلام."
"ONLINE_STORE_THEME","index.json","avis › t2 › author","Sarah — Oran","سارة — وهران"
"ONLINE_STORE_THEME","index.json","avis › t3 › quote","Avis de démonstration : le tissu est très doux et la housse passe en machine sans problème.","رأي تجريبي: القماش ناعم جدًا والغطاء يُغسل في الغسالة بلا مشكلة."
"ONLINE_STORE_THEME","index.json","avis › t3 › author","Nour — Constantine","نور — قسنطينة"
"ONLINE_STORE_THEME","index.json","avis › heading","Elles en parlent","يتحدّثن عنّا"
"ONLINE_STORE_THEME","index.json","editorial › eyebrow","Parce que","لأنّ"
"ONLINE_STORE_THEME","index.json","editorial › heading","Chaque détail compte","كل تفصيلة مهمّة"
"ONLINE_STORE_THEME","index.json","editorial › text","<p>Une tétée confortable, une sieste qui tient, un objet qu'on garde longtemps : notre travail commence par ces petits moments du quotidien.</p><p><em>Texte de démonstration à remplacer par l'éditorial LLUFAN.</em></p>","<p>رضعة مريحة، قيلولة هادئة، وقطعة تُحفظ طويلاً: عملنا يبدأ من هذه اللحظات الصغيرة في اليومي.</p><p><em>نص تجريبي يُستبدل بنصّ LLUFAN التحريري.</em></p>"
"ONLINE_STORE_THEME","page.cgv.json","info › b1 › titre","1. Objet","1. الموضوع"
"ONLINE_STORE_THEME","page.cgv.json","info › b1 › texte","<p><em>[Objet des conditions de vente et champ d'application à compléter.]</em></p>","<p><em>[موضوع شروط البيع ونطاق التطبيق يُستكملان.]</em></p>"
"ONLINE_STORE_THEME","page.cgv.json","info › b2 › titre","2. Prix et devise","2. الأسعار والعملة"
"ONLINE_STORE_THEME","page.cgv.json","info › b2 › texte","<p>Tous les prix sont affichés en dinars algériens (DZD), frais de livraison en sus selon la wilaya.</p>","<p>كل الأسعار بالدينار الجزائري (دج)، ومصاريف التوصيل تُضاف حسب الولاية.</p>"
"ONLINE_STORE_THEME","page.cgv.json","info › b3 › titre","3. Commande et paiement","3. الطلب والدفع"
"ONLINE_STORE_THEME","page.cgv.json","info › b3 › texte","<p>La commande se fait sur le site, sans paiement en ligne : le règlement se fait en espèces à la livraison (COD).</p>","<p>يُقدَّم الطلب على الموقع دون دفع إلكتروني: الدفع نقدًا عند الاستلام.</p>"
"ONLINE_STORE_THEME","page.cgv.json","info › b3 › lien_label","Pages paiement","صفحات الدفع"
"ONLINE_STORE_THEME","page.cgv.json","info › b4 › titre","4. Livraison","4. التوصيل"
"ONLINE_STORE_THEME","page.cgv.json","info › b4 › texte","<p>Livraison dans les 69 wilayas, à domicile ou en stop-desk. <em>[Délais et transporteurs à compléter.]</em></p>","<p>التوصيل إلى الولايات الـ69، إلى المنزل أو إلى مكتب الاستلام. <em>[المدّة وشركات التوصيل تُستكملان.]</em></p>"
"ONLINE_STORE_THEME","page.cgv.json","info › b4 › lien_label","Page livraison","صفحة التوصيل"
"ONLINE_STORE_THEME","page.cgv.json","info › b5 › titre","5. Échanges et retours","5. التبديل والإرجاع"
"ONLINE_STORE_THEME","page.cgv.json","info › b5 › texte","<p><em>[Conditions d'échange et de retour à compléter.]</em></p>","<p><em>[شروط التبديل والإرجاع تُستكمل.]</em></p>"
"ONLINE_STORE_THEME","page.cgv.json","info › b6 › titre","6. Service client","6. خدمة العملاء"
"ONLINE_STORE_THEME","page.cgv.json","info › b6 › texte","<p>Notre service client répond sur WhatsApp et par e-mail, avant et après la commande.</p>","<p>خدمة العملاء تُجيب عبر واتساب والبريد الإلكتروني، قبل الطلب وبعده.</p>"
"ONLINE_STORE_THEME","page.cgv.json","info › b6 › lien_label","Page contact","صفحة الاتصال"
"ONLINE_STORE_THEME","page.cgv.json","info › eyebrow","Informations","معلومات"
"ONLINE_STORE_THEME","page.cgv.json","info › intro","<p><em>Gabarit de démonstration : ce texte présente la structure attendue et doit être validé avant la mise en ligne.</em></p>","<p><em>نموذج تجريبي: يعرض هذا النص البنية المتوقّعة، ويجب اعتماده قبل النشر.</em></p>"
"ONLINE_STORE_THEME","page.cgv.json","info › note","<p><em>Gabarit de démonstration, sans valeur juridique.</em></p>","<p><em>نموذج تجريبي، بدون قيمة قانونية.</em></p>"
"ONLINE_STORE_THEME","page.club-maman.json","club › e1 › titre","Projet bébé","مشروع الطفل"
"ONLINE_STORE_THEME","page.club-maman.json","club › e1 › texte","Vous préparez l'arrivée de bébé : listes, chambre, premiers achats et questions pratiques.","تستعدّين لقدوم الطفل: القوائم، الغرفة، أول المشتريات، وأسئلة عملية."
"ONLINE_STORE_THEME","page.club-maman.json","club › e2 › titre","Grossesse","الحمل"
"ONLINE_STORE_THEME","page.club-maman.json","club › e2 › texte","Confort, sommeil, positions, préparation : échangez sur les mois qui précèdent la naissance.","الراحة، النوم، الوضعيات، التحضير: تبادلي الحديث في الأشهر التي تسبق الولادة."
"ONLINE_STORE_THEME","page.club-maman.json","club › e3 › texte","Positions, matériel, rythme des tétées : les astuces de celles qui sont passées par là.","الوضعيات، العتاد، إيقاع الرضعات: نصائح من مررن من هنا."
"ONLINE_STORE_THEME","page.club-maman.json","club › e4 › titre","Après la naissance","بعد الولادة"
"ONLINE_STORE_THEME","page.club-maman.json","club › e4 › texte","Le quotidien avec bébé : nuits, rythme, organisation, et le droit de souffler un peu.","اليومي مع الطفل: الليالي، الإيقاع، التنظيم، والحقّ في التقاط الأنفاس."
"ONLINE_STORE_THEME","page.club-maman.json","club › d1 › titre","Quelle position pour allaiter la nuit ?","أي وضعية للرضاعة ليلاً؟"
"ONLINE_STORE_THEME","page.club-maman.json","club › d1 › extrait","Discussion de démonstration : bébé a cinq semaines et je cherche une position qui me permette de me reposer un peu…","نقاش تجريبي: طفلي في الأسبوع الخامس وأبحث عن وضعية تسمح لي بالراحة قليلاً…"
"ONLINE_STORE_THEME","page.club-maman.json","club › d1 › autrice","Amina","أمينة"
"ONLINE_STORE_THEME","page.club-maman.json","club › d2 › titre","Préparer sa valise pour la maternité","تحضير حقيبة الولادة"
"ONLINE_STORE_THEME","page.club-maman.json","club › d2 › extrait","Discussion de démonstration : voici ma liste, dites-moi ce que j'ai oublié.","نقاش تجريبي: هذه قائمتي، أخبروني بما نسيت."
"ONLINE_STORE_THEME","page.club-maman.json","club › d2 › autrice","Lila","ليلى"
"ONLINE_STORE_THEME","page.club-maman.json","club › d3 › titre","Les nuits hachées, comment vous tenez ?","الليالي المتقطّعة، كيف تصمدين؟"
"ONLINE_STORE_THEME","page.club-maman.json","club › d3 › extrait","Discussion de démonstration : je ne sais pas si c'est normal à trois semaines…","نقاش تجريبي: لا أعرف إن كان هذا طبيعيًا في الأسبوع الثالث…"
"ONLINE_STORE_THEME","page.club-maman.json","club › d3 › autrice","Nour","نور"
"ONLINE_STORE_THEME","page.club-maman.json","club › eyebrow","Espace d'échange","فضاء التبادل"
"ONLINE_STORE_THEME","page.club-maman.json","club › intro","<p>Le Club Maman est l'espace d'échange de LLUFAN : poser une question, partager une astuce, lire l'expérience d'autres mamans.</p><p>Ici on parle du quotidien — le projet bébé, la grossesse, l'allaitement, les premiers mois — sans jugement et sans conseil médical.</p><p><em>Texte de démonstration.</em></p>","<p>نادي الأمهات هو فضاء التبادل في LLUFAN: اطرحي سؤالاً، شاركي نصيحة، واقرئي تجربة أمّهات أخريات.</p><p>نتحدّث هنا عن اليومي — مشروع الطفل، الحمل، الرضاعة، الأشهر الأولى — بدون حكم وبدون نصيحة طبية.</p><p><em>نص تجريبي.</em></p>"
"ONLINE_STORE_THEME","page.club-maman.json","club › discussions_vide","<p>Aucune discussion pour le moment. Elles s'afficheront ici dès que le Club Maman ouvrira ses portes.</p>","<p>لا نقاشات في الوقت الحالي. ستظهر هنا بمجرّد افتتاح نادي الأمهات.</p>"
"ONLINE_STORE_THEME","page.club-maman.json","club › ressources_titre","Ressources pour les mamans","موارد للأمّهات"
"ONLINE_STORE_THEME","page.club-maman.json","club › ressources_texte","<p>Nos réponses aux questions les plus fréquentes : commande, paiement à la livraison, délais, entretien des produits.</p><p><em>Emplacement de démonstration : guides, articles ou vidéos viendront ici.</em></p>","<p>أجوبتنا على أكثر الأسئلة تكرارًا: الطلب، الدفع عند الاستلام، المدّة، العناية بالمنتجات.</p><p><em>موضع تجريبي: أدلّة أو مقالات أو فيديوهات ستُضاف هنا.</em></p>"
"ONLINE_STORE_THEME","page.club-maman.json","club › ressources_bouton","Voir la FAQ","تصفّحي الأسئلة الشائعة"
"ONLINE_STORE_THEME","page.club-maman.json","club › rejoindre_texte","<p>Laissez votre e-mail pour être prévenue de l'ouverture des discussions et recevoir les conseils LLUFAN.</p><p><em>Texte de démonstration.</em></p>","<p>اتركي بريدك الإلكتروني ليصلك إشعار فتح النقاشات ونصائح LLUFAN.</p><p><em>نص تجريبي.</em></p>"
"ONLINE_STORE_THEME","page.club-maman.json","club › rejoindre_note","Inscription de démonstration : indiquez ici la finalité (conseils, nouveautés) et renvoyez vers la politique de confidentialité.","تسجيل تجريبي: اذكري هنا الغاية (نصائح، مستجدات) وأحِيلي إلى سياسة الخصوصية."
"ONLINE_STORE_THEME","page.confidentialite.json","info › b1 › titre","1. Données collectées","1. البيانات المجمَّعة"
"ONLINE_STORE_THEME","page.confidentialite.json","info › b1 › texte","<p>Les informations saisies dans le formulaire de commande : nom, numéro de téléphone, wilaya, commune, mode de livraison, contenu du panier.</p>","<p>المعلومات المُدخَلة في استمارة الطلب: الاسم، رقم الهاتف، الولاية، البلدية، طريقة التوصيل، ومحتوى السلة.</p>"
"ONLINE_STORE_THEME","page.confidentialite.json","info › b2 › titre","2. Utilisation","2. الاستعمال"
"ONLINE_STORE_THEME","page.confidentialite.json","info › b2 › texte","<p>Ces données servent uniquement à traiter la commande, organiser la livraison et assurer le service client.</p>","<p>تُستعمل هذه البيانات فقط لمعالجة الطلب وتنظيم التوصيل وخدمة العملاء.</p>"
"ONLINE_STORE_THEME","page.confidentialite.json","info › b3 › titre","3. Conservation","3. مدّة الحفظ"
"ONLINE_STORE_THEME","page.confidentialite.json","info › b3 › texte","<p><em>[Durée de conservation à définir.]</em></p>","<p><em>[مدّة الحفظ تُحدَّد.]</em></p>"
"ONLINE_STORE_THEME","page.confidentialite.json","info › b4 › titre","4. Destinataires","4. الجهات المستفيدة"
"ONLINE_STORE_THEME","page.confidentialite.json","info › b4 › texte","<p>Les informations strictement nécessaires sont transmises au transporteur chargé de la livraison.</p>","<p>تُسلَّم المعلومات الضرورية فقط إلى شركة التوصيل المكلّفة بالعملية.</p>"
"ONLINE_STORE_THEME","page.confidentialite.json","info › b5 › titre","5. Vos droits","5. حقوقك"
"ONLINE_STORE_THEME","page.confidentialite.json","info › b5 › texte","<p>Vous pouvez demander l'accès, la rectification ou la suppression de vos données en nous contactant.</p>","<p>يمكنك طلب الوصول إلى بياناتك أو تصحيحها أو حذفها بالتواصل معنا.</p>"
"ONLINE_STORE_THEME","page.confidentialite.json","info › intro","<p><em>Gabarit de démonstration : à compléter selon les traitements réellement effectués.</em></p>","<p><em>نموذج تجريبي: يُستكمل حسب المعالجات الفعلية للبيانات.</em></p>"
"ONLINE_STORE_THEME","page.faq.json","faq › q4 › question","Quels sont les délais de livraison ?","ما هي مدّة التوصيل؟"
"ONLINE_STORE_THEME","page.faq.json","faq › q4 › answer","<p>2 à 5 jours ouvrés selon la wilaya. <em>(Délai de démonstration, à confirmer selon le transporteur.)</em></p>","<p>من 2 إلى 5 أيام عمل حسب الولاية. <em>(مدّة تجريبية، تُؤكَّد حسب شركة التوصيل.)</em></p>"
"ONLINE_STORE_THEME","page.faq.json","faq › q5 › question","Puis-je échanger un article ?","هل يمكنني تبديل منتج؟"
"ONLINE_STORE_THEME","page.faq.json","faq › q5 › answer","<p>Un échange est possible sous 7 jours, article non utilisé et dans son emballage d'origine. <em>(Conditions de démonstration.)</em></p>","<p>التبديل ممكن خلال 7 أيام، بشرط أن يكون المنتج غير مستعمل وفي تغليفه الأصلي. <em>(شروط تجريبية.)</em></p>"
"ONLINE_STORE_THEME","page.faq.json","faq › q6 › question","Les produits sont-ils lavables ?","هل المنتجات قابلة للغسل؟"
"ONLINE_STORE_THEME","page.faq.json","faq › q6 › answer","<p>Les textiles se lavent en machine à 30 °C, sauf indication contraire sur la fiche du produit.</p>","<p>تُغسل المنسوجات في الغسالة عند 30 °م، إلا إذا ذُكر خلاف ذلك في صفحة المنتج.</p>"
"ONLINE_STORE_THEME","page.faq.json","faq › q7 › question","Puis-je commander sans créer de compte ?","هل يمكنني الطلب دون إنشاء حساب؟"
"ONLINE_STORE_THEME","page.faq.json","faq › q7 › answer","<p>Oui. La commande se fait directement depuis la fiche produit : nom, téléphone, wilaya et commune suffisent.</p>","<p>نعم. يُقدَّم الطلب مباشرة من صفحة المنتج: الاسم والهاتف والولاية والبلدية تكفي.</p>"
"ONLINE_STORE_THEME","page.faq.json","faq › q8 › question","Comment vous contacter ?","كيف تتواصلين معنا؟"
"ONLINE_STORE_THEME","page.faq.json","faq › q8 › answer","<p>Notre service client répond sur WhatsApp et par e-mail : les coordonnées sont dans le pied de page et sur la page Contact.</p>","<p>خدمة العملاء تُجيب عبر واتساب والبريد الإلكتروني: البيانات في أسفل الصفحة وفي صفحة الاتصال.</p>"
"ONLINE_STORE_THEME","page.faq.json","faq › eyebrow","Aide","المساعدة"
"ONLINE_STORE_THEME","page.faq.json","faq › contact_label","Une autre question ? Écrivez-nous","سؤال آخر؟ راسلينا"
"ONLINE_STORE_THEME","page.la-marque.json","info › b1 › titre","Des produits pensés ici","منتجات مدروسة هنا"
"ONLINE_STORE_THEME","page.la-marque.json","info › b1 › texte","<p>Chaque produit part d'un besoin réel du quotidien, avec un principe : faire simple et solide.</p>","<p>كل منتج ينطلق من حاجة حقيقية في اليومي، بمبدأ واحد: البساطة والمتانة.</p>"
"ONLINE_STORE_THEME","page.la-marque.json","info › b2 › titre","Le confort avant tout","الراحة أولاً"
"ONLINE_STORE_THEME","page.la-marque.json","info › b2 › texte","<p>Des formes qui accompagnent le corps, des matières douces sur la peau de bébé.</p>","<p>أشكال ترافق الجسم، ومواد ناعمة على بشرة الطفل.</p>"
"ONLINE_STORE_THEME","page.la-marque.json","info › b3 › titre","Choisi pour durer","مُختار ليدوم"
"ONLINE_STORE_THEME","page.la-marque.json","info › b3 › texte","<p>Des matières et des finitions pensées pour être utilisées longtemps.</p>","<p>مواد وتشطيبات مدروسة لتدوم طويلاً.</p>"
"ONLINE_STORE_THEME","page.la-marque.json","info › b4 › titre","Un contact humain","تواصل بشري"
"ONLINE_STORE_THEME","page.la-marque.json","info › b4 › texte","<p>Une équipe joignable sur WhatsApp et par e-mail, avant comme après votre commande.</p>","<p>فريق يمكن الوصول إليه عبر واتساب والبريد الإلكتروني، قبل الطلب وبعده.</p>"
"ONLINE_STORE_THEME","page.la-marque.json","info › b4 › lien_label","Nous écrire","راسلينا"
"ONLINE_STORE_THEME","page.la-marque.json","info › heading","Une marque algérienne, dédiée au confort de la maman et du bébé","علامة جزائرية، مكرّسة لراحة الأم والطفل"
"ONLINE_STORE_THEME","page.la-marque.json","info › intro","<p>LLUFAN est née d'un constat simple : en Algérie, les mamans cherchent des produits doux, bien pensés, et un interlocuteur qui répond vraiment. Nous imaginons des produits pour la grossesse, l'allaitement et les premiers mois de bébé, avec une attention particulière portée au confort et à la simplicité au quotidien.</p><p><em>Texte de démonstration : cette page sera remplacée par l'histoire, les valeurs et la fabrication telles que LLUFAN souhaite les raconter.</em></p>","<p>وُلدت LLUFAN من ملاحظة بسيطة: في الجزائر، تبحث الأمّهات عن منتجات ناعمة، مدروسة بعناية، وعن جهة تُجيب بصدق. نصمّم منتجات لفترة الحمل والرضاعة والأشهر الأولى من عمر الطفل، بعناية خاصة بالراحة والبساطة في اليومي.</p><p><em>نص تجريبي: ستُستبدل هذه الصفحة بحكاية العلامة وقيمها وطريقة التصنيع كما تحبّ LLUFAN أن ترويها.</em></p>"
"ONLINE_STORE_THEME","page.la-marque.json","info › cta_label","Voir tous nos produits","تصفّحي كل منتجاتنا"
"ONLINE_STORE_THEME","page.livraison.json","info › b1 › titre","Zones desservies","المناطق المخدومة"
"ONLINE_STORE_THEME","page.livraison.json","info › b1 › texte","<p>Les 69 wilayas d'Algérie, à domicile ou en stop-desk.</p><p><em>Tarifs de démonstration : ils seront remplacés par les tarifs transporteur réels.</em></p>","<p>الولايات الـ69 في الجزائر، إلى المنزل أو إلى مكتب الاستلام.</p><p><em>أسعار تجريبية: ستُستبدل بأسعار شركة التوصيل الفعلية.</em></p>"
"ONLINE_STORE_THEME","page.livraison.json","info › b2 › titre","Frais de livraison","مصاريف التوصيل"
"ONLINE_STORE_THEME","page.livraison.json","info › b2 › texte","<p>Le tarif dépend de la wilaya et du mode de livraison. Il apparaît dès que vous choisissez votre wilaya et votre commune dans le formulaire de commande.</p>","<p>تتحدّد التعريفة حسب الولاية وطريقة التوصيل، وتظهر مباشرة بعد اختيار الولاية والبلدية في استمارة الطلب.</p>"
"ONLINE_STORE_THEME","page.livraison.json","info › b3 › texte","<p>Vous payez en espèces à la réception du colis, une fois la commande livrée.</p>","<p>تدفعين نقدًا عند استلام الطرد، بعد توصيل الطلب.</p>"
"ONLINE_STORE_THEME","page.livraison.json","info › b4 › titre","Suivi de la commande","تتبّع الطلب"
"ONLINE_STORE_THEME","page.livraison.json","info › b4 › texte","<p>Pour connaître l'état de votre commande, contactez-nous sur WhatsApp.</p>","<p>لمعرفة حالة طلبك، تواصلي معنا عبر واتساب.</p>"
"ONLINE_STORE_THEME","page.livraison.json","info › heading","Livraison partout en Algérie","التوصيل إلى كل الجزائر"
"ONLINE_STORE_THEME","page.livraison.json","info › intro","<p>Nous livrons dans les 69 wilayas, à domicile ou en stop-desk. Les frais sont calculés selon votre wilaya et le mode choisi, et s'affichent automatiquement dans le formulaire de commande.</p>","<p>نوصّل إلى الولايات الـ69، إلى المنزل أو إلى مكتب الاستلام. تُحسب المصاريف حسب ولايتك والطريقة المختارة، وتظهر تلقائيًا في استمارة الطلب.</p>"
"ONLINE_STORE_THEME","page.livraison.json","info › note","<p><em>Délais indicatifs de démonstration : 2 à 5 jours ouvrés selon la wilaya (à confirmer selon le transporteur).</em></p>","<p><em>مدّة إرشادية تجريبية: من 2 إلى 5 أيام عمل حسب الولاية (تُؤكَّد حسب شركة التوصيل).</em></p>"
"ONLINE_STORE_THEME","page.mentions-legales.json","info › b1 › titre","Éditeur du site","ناشر الموقع"
"ONLINE_STORE_THEME","page.mentions-legales.json","info › b1 › texte","<p>LLUFAN — <em>[raison sociale, adresse et registre de commerce à compléter]</em>.</p>","<p>LLUFAN — <em>[الاسم التجاري والعنوان والسجل التجاري تُستكمل]</em>.</p>"
"ONLINE_STORE_THEME","page.mentions-legales.json","info › b2 › texte","<p>Nos coordonnées (WhatsApp et e-mail) sont indiquées dans le pied de page et sur la page Contact.</p>","<p>بيانات التواصل (واتساب والبريد الإلكتروني) مذكورة في أسفل الصفحة وفي صفحة الاتصال.</p>"
"ONLINE_STORE_THEME","page.mentions-legales.json","info › b3 › titre","Hébergement","الاستضافة"
"ONLINE_STORE_THEME","page.mentions-legales.json","info › b3 › texte","<p><em>[Nom et adresse de l'hébergeur à compléter]</em>.</p>","<p><em>[اسم المضيف وعنوانه يُستكملان]</em>.</p>"
"ONLINE_STORE_THEME","page.mentions-legales.json","info › b4 › titre","Propriété intellectuelle","الملكية الفكرية"
"ONLINE_STORE_THEME","page.mentions-legales.json","info › b4 › texte","<p><em>[Mentions relatives aux contenus, aux photos et à la marque à compléter]</em>.</p>","<p><em>[إشارات المحتوى والصور والعلامة تُستكمل]</em>.</p>"
"ONLINE_STORE_THEME","page.mentions-legales.json","info › intro","<p><em>Page de démonstration : complétez les informations ci-dessous avant la mise en ligne.</em></p>","<p><em>صفحة تجريبية: أكملي المعلومات أدناه قبل النشر.</em></p>"
"ONLINE_STORE_THEME","page.mentions-legales.json","info › note","<p><em>Ce gabarit ne remplace pas un texte juridique validé.</em></p>","<p><em>هذا النموذج لا يغني عن نصّ قانوني معتمد.</em></p>"
"ONLINE_STORE_THEME","page.paiement.json","info › b1 › titre","Aucun paiement en ligne","بدون دفع إلكتروني"
"ONLINE_STORE_THEME","page.paiement.json","info › b1 › texte","<p>Le site ne demande ni carte bancaire ni virement. La commande est confirmée par téléphone ou par WhatsApp.</p>","<p>لا يطلب الموقع بطاقة بنكية ولا تحويلاً. يُؤكَّد الطلب هاتفيًا أو عبر واتساب.</p>"
"ONLINE_STORE_THEME","page.paiement.json","info › b2 › titre","Commande vérifiée","طلب مُتحقَّق منه"
"ONLINE_STORE_THEME","page.paiement.json","info › b2 › texte","<p>Avant l'expédition, nous vérifions le récapitulatif, l'adresse et le numéro de téléphone.</p>","<p>قبل الإرسال، نتحقّق من الملخّص والعنوان ورقم الهاتف.</p>"
"ONLINE_STORE_THEME","page.paiement.json","info › b3 › titre","Vous payez à la réception","تدفعين عند الاستلام"
"ONLINE_STORE_THEME","page.paiement.json","info › b3 › texte","<p>Le montant est réglé en espèces au livreur, au moment de la remise du colis.</p>","<p>يُدفع المبلغ نقدًا لعامل التوصيل عند تسليم الطرد.</p>"
"ONLINE_STORE_THEME","page.paiement.json","info › b4 › titre","Confirmation par WhatsApp","تأكيد عبر واتساب"
"ONLINE_STORE_THEME","page.paiement.json","info › b4 › texte","<p>Notre équipe vous contacte pour confirmer la wilaya, la commune et le mode de livraison.</p>","<p>يتّصل بك فريقنا لتأكيد الولاية والبلدية وطريقة التوصيل.</p>"
"ONLINE_STORE_THEME","page.paiement.json","info › intro","<p>Aucune carte bancaire n'est demandée sur le site : vous commandez, nous vous rappelons, et vous payez en espèces quand le colis vous est remis.</p>","<p>لا تُطلب أي بطاقة بنكية على الموقع: تُقدّمين الطلب، نتّصل بك، وتدفعين نقدًا عند تسليم الطرد.</p>"
"ONLINE_STORE_THEME","page.politique-de-retour.json","info › b1 › titre","1. Nous contacter","1. اتصلي بنا"
"ONLINE_STORE_THEME","page.politique-de-retour.json","info › b1 › texte","<p>Écrivez-nous sur WhatsApp ou par e-mail en précisant votre numéro de commande et le produit concerné.</p>","<p>راسلينا عبر واتساب أو البريد الإلكتروني مع ذكر رقم الطلب والمنتج المعني.</p>"
"ONLINE_STORE_THEME","page.politique-de-retour.json","info › b2 › titre","2. Délai","2. المدّة"
"ONLINE_STORE_THEME","page.politique-de-retour.json","info › b2 › texte","<p>La demande est à faire sous 7 jours après la réception du colis. <em>(Durée de démonstration, à valider.)</em></p>","<p>يُقدَّم الطلب خلال 7 أيام من استلام الطرد. <em>(مدّة تجريبية، تحتاج تأكيدًا.)</em></p>"
"ONLINE_STORE_THEME","page.politique-de-retour.json","info › b3 › titre","3. État du produit","3. حالة المنتج"
"ONLINE_STORE_THEME","page.politique-de-retour.json","info › b3 › texte","<p>L'article doit être non utilisé et dans son emballage d'origine.</p>","<p>يجب أن يكون المنتج غير مستعمل وفي تغليفه الأصلي.</p>"
"ONLINE_STORE_THEME","page.politique-de-retour.json","info › b4 › titre","4. Frais de retour","4. مصاريف الإرجاع"
"ONLINE_STORE_THEME","page.politique-de-retour.json","info › b4 › texte","<p><em>Emplacement à compléter : qui prend en charge les frais de retour (à décider par LLUFAN).</em></p>","<p><em>موضع يُستكمل: من يتحمّل مصاريف الإرجاع (قرار LLUFAN).</em></p>"
"ONLINE_STORE_THEME","page.politique-de-retour.json","info › intro","<p>Un article ne convient pas ? Voici comment faire, étape par étape.</p><p><em>Gabarit de démonstration : les conditions définitives seront fixées par LLUFAN.</em></p>","<p>منتج لا يناسبك؟ هذه الخطوات بالترتيب.</p><p><em>نموذج تجريبي: الشروط النهائية تحدّدها LLUFAN.</em></p>"
"ONLINE_STORE_THEME","page.politique-de-retour.json","info › note","<p><em>Page de démonstration. Remplacer par la politique de retour validée par LLUFAN.</em></p>","<p><em>صفحة تجريبية. تُستبدل بسياسة الإرجاع المعتمدة من LLUFAN.</em></p>"
"ONLINE_STORE_THEME","page.politique-de-retour.json","info › cta_label","Nous contacter","تواصلي معنا"
"ONLINE_STORE_THEME","product.json","main › acc-utilisation › title","Utilisation","الاستعمال"
"ONLINE_STORE_THEME","product.json","main › acc-utilisation › content","<p>Chaque produit LLUFAN est pensé pour un usage simple au quotidien. Les indications détaillées figurent dans la description du produit.</p><p><em>Texte de démonstration.</em></p>","<p>كل منتج من LLUFAN مصمَّم لاستعمال بسيط في اليومي. التفاصيل الكاملة في وصف المنتج.</p><p><em>نص تجريبي.</em></p>"
"ONLINE_STORE_THEME","product.json","main › acc-entretien › title","Entretien","العناية"
"ONLINE_STORE_THEME","product.json","main › acc-entretien › content","<p>Lavage en machine à 30 °C recommandé pour les textiles. Séchage à l'air libre. Ne pas utiliser d'eau de javel.</p><p><em>Texte de démonstration.</em></p>","<p>يُنصح بغسل المنسوجات في الغسالة عند 30 °م. التجفيف في الهواء الطلق. يُمنع استعمال ماء الجافيل.</p><p><em>نص تجريبي.</em></p>"
"ONLINE_STORE_THEME","product.json","main › acc-composition › title","Composition","التركيبة"
"ONLINE_STORE_THEME","product.json","main › acc-composition › content","<p>La composition précise est indiquée sur la fiche de chaque produit.</p><p><em>Emplacement de démonstration : composition détaillée et origine des matières.</em></p>","<p>التركيبة الدقيقة مذكورة في صفحة كل منتج.</p><p><em>موضع تجريبي: التركيبة المفصّلة ومصدر المواد.</em></p>"
"ONLINE_STORE_THEME","product.json","main › trust › label_1","Sans paiement en ligne","بدون دفع إلكتروني"
"ONLINE_STORE_THEME","product.json","main › trust › label_2","Commande protégée","طلب محميّ"
"ONLINE_STORE_THEME","product.json","main › trust › label_3","Livraison 2 à 5 jours ouvrés","التوصيل في 2 إلى 5 أيام عمل"
"ONLINE_STORE_THEME","product.json","main › description › heading","Description","الوصف"
"ONLINE_STORE_THEME","product.json","editorial › heading","Des produits pensés pour le quotidien","منتجات مدروسة لليومي"
"ONLINE_STORE_THEME","product.json","editorial › text","<p>Nous concevons des produits doux, faciles à entretenir et faits pour être utilisés longtemps, de la grossesse aux premiers mois de bébé.</p><p><em>Texte de démonstration.</em></p>","<p>نصمّم منتجات ناعمة، سهلة العناية، ومصنوعة لتدوم: من الحمل إلى الأشهر الأولى من عمر الطفل.</p><p><em>نص تجريبي.</em></p>"
"ONLINE_STORE_THEME","product.json","related › heading","Vous aimerez aussi","قد يعجبك أيضًا"
"ONLINE_STORE_THEME","product.json","recent › heading","Vus récemment","شوهدت مؤخّرًا"
"ONLINE_STORE_THEME","header-group.json","header › pill_label","CLUB MAMAN","نادي الأمهات"
"ONLINE_STORE_THEME","footer-group.json","footer › llufan › label_3","FAQ","الأسئلة الشائعة"
"ONLINE_STORE_THEME","footer-group.json","footer › engagements › title","Nos engagements","التزاماتنا"
"ONLINE_STORE_THEME","footer-group.json","footer › engagements › line_3","Service client LLUFAN","خدمة عملاء LLUFAN"
"RAPPEL","thème","locales/ar.json","Libellés de l'interface (panier, filtres, formulaire de commande, recherche, compte, page introuvable)","هذه العبارات مترجمة داخل القالب في ملف locales/ar.json — لا تُنسخ هنا"
